S00E00003344465F32312E7372656397
S11300000C942C070C945B070C945B070C945B0713
S11300100C945B070C945B070C945B070C945B07D4
S11300200C945B070C945B070C945B070C945B07C4
S11300300C945B070C945B070C945B070C945B07B4
S11300400C945B070C945B070C945B070C945B07A4
S11300500C945B070C9470080C945B070C945B077E
S11300600C945B070C945B070C945B070C945B0784
S11300700C945B070C945B070C945B070C945B0774
S11300800C945B070C945B070C945B070C945B0764
S11300900C94AC070C94CE070C945B070C945B0790
S11300A00C945B070C945B070C943B3A0C945B0731
S11300B00C945B070C945B070C945B070C94B208DC
S11300C00C945B070C945B070C945B070D490D497A
S11300D0FC47BB498D471A451A451A451A451A4526
S11300E0C4461A451A451A451A451A451A451A4569
S11300F01A451A451A451A451A451A451A451A4504
S11301001A451A4531461A451A451A451A451A45DB
S11301101A451A451A451A451A451A451A451A45E3
S11301201A451A451A451A451A451A451A451A45D3
S11301301A451A451A451A451A451A451A451A45C3
S11301401A451A451A451A451A451A451A451A45B3
S11301501A451A451A451A451A451A451A451A45A3
S11301601A451A451A451A451A451A451A451A4593
S11301701A451A451A451A451A451A451A451A4583
S11301802E462A46D145084AD73B3BCE016E84BC55
S1130190BFFDC12F3D6C74319ABD56833DDA3D00DD
S11301A0C77F11BED9E4BB4C3E916BAAAABE000026
S11301B000803F05A84CCDB2D44EB93836A9020C04
S11301C050B9918688083CA6AAAA2ABE00000080DD
S11301D03F007C3C3E5E2B3D3F2F5B5D3B2C2A2247
S11301E05C006F6B00526573656E643A00446F6E19
S11301F065207072696E74696E672066696C650D3E
S11302000A006F6B0D0A004572726F723A204E6FCE
S1130210204C696E65204E756D6265722077697435
S11302206820636865636B73756D2C204C6173740F
S1130230204C696E653A004572726F723A204E6FB7
S113024020436865636B73756D2077697468206CEF
S1130250696E65206E756D6265722C204C617374D5
S1130260204C696E653A004572726F723A20636879
S113027065636B73756D206D69736D617463682C50
S1130280204C617374204C696E653A005365726941
S1130290616C204572726F723A204C696E65204E13
S11302A0756D626572206973206E6F74204C617382
S11302B074204C696E65204E756D6265722B312C0D
S11302C0204C617374204C696E653A00556E6B6EF8
S11302D06F776E20636F6D6D616E643A0D0A005521
S11302E06E6B6E6F776E204D2D434F4D3A00467204
S11302F065652052616D3A20004E6F7420696D70FF
S11303006C656D656E746564207965740053746101
S11303107274696E6720626F6F746C6F616465726A
S11303202E2E2E00205A3A0020593A004164646867
S11303306F6D6520583A007A5F6D696E3A00795F97
S11303406D61783A00785F6D696E3A0020453A0035
S1130350205A3A0020593A00583A003030303030B0
S11303603030302D303030302D303030302D303092
S113037030302D30303030303030303030303000AC
S11303804649524D574152455F4E414D453A2033FF
S113039044466163746F726965732050524F544FC1
S11303A0434F4C5F56455253494F4E3A312E3032EB
S11303B0204D414348494E455F545950453A4541C3
S11303C0535933444D414B4552204558545255449A
S11303D045525F434F554E543A310020453A002070
S11303E05A3A0020593A00583A006F6B20002042D4
S11303F03A00543A00543A0020423A0020403A006D
S11304006F6B20543A0044656C6574696F6E2066A6
S113041061696C65643A0046696C652064656C6565
S11304207465640057726974696E6720746F20661E
S1130430696C653A20002E006F70656E20666169F4
S11304406C65642C2046696C653A20004E6F7420FC
S11304505344207072696E74696E6700534420704F
S113046072696E74696E67206279746520006669CA
S11304706C652E6F70656E206661696C65640046FC
S1130480696C652073656C656374656400205369E9
S11304907A653A0046696C65206F70656E65643AEA
S11304A000456E642066696C65206C697374004253
S11304B06567696E2066696C65206C6973740055A4
S11304C06E6B6E6F776E20472D434F4D3A00205967
S11304D03A00206F66737365747320583A00546F42
S11304E06F6C2054006572726F7220777269746940
S11304F06E6720746F2066696C650D0A00446F6E28
S11305006520736176696E672066696C652E006F7D
S11305106B0D0A00202F2000506C616E204275661E
S11305206665722053697A653A00467265652052A1
S1130530616D3A20005374657070657220696E694C
S11305407400506C616E6E657220696E6974004C43
S11305506F61642073657474696E6773005344201B
S1130560537461727400537461727400312E332EAB
S1130570323354202F2032382E31302E3230313362
S113058000537072696E74657200566F6C756D6598
S11305902073697A6520284D6279746573293A203D
S11305A0000A566F6C756D652074797065206973E7
S11305B02046415400556E6B6E6F776E0D0A0053E2
S11305C04448430D0A005344320D0A005344310D8C
S11305D00A000A4361726420747970653A20004FFE
S11305E070656E20726F6F74206661696C65640D4E
S11305F00A00766F6C756D652E696E69742066618C
S1130600696C65640D0A00534420696E6974206640
S113061061696C0D0A0024F4D43050C38E20C2A248
S11306204017828B7011127A910D816CD90AA861DE
S1130630E108C7586607615143061E4B5D05C14575
S1130640A7041A411104093D980371393103403656
S1130650DB0265339102D4305402802E1D02632CD8
S1130660EE01752AC501B028A001102781018F254C
S113067064012B244B01E0223401AC211F018D20A5
S11306800D01801FFC00841EED00971DDF00B81CC7
S1130690D200E61BC600201BBC00641AB200B219CB
S11306A0A8000A19A0006A189900D11791004017F0
S11306B08B00B516840031167E00B31579003A1507
S11306C07300C7146F0058146A00EE136600881391
S11306D0630025135E00C7125B006C1257001512ED
S11306E05400C111510070114F0021114B00D6105C
S11306F049008D1047004610440002104200C00F0C
S11307004000800F3E00420F3C00060F3B00CB0E22
S11307103800930E37005C0E3500270E3400F30DBD
S11307203200C10D3100900D3000600D2E00320DED
S11307302D00050D2C00D90C2B00AE0C2900850CC6
S113074029005C0C2700350C27000E0C2600E80B52
S11307502400C40B2400A00B23007D0B23005A0BA0
S11307602100390B2100180B2000F80A1F00D90AB8
S11307701E00BB0A1E009D0A1D00800A1D00630A9C
S11307801C00470A1B002C0A1B00110A1A00F70957
S11307901A00DD091900C4091900AB0919009209EE
S11307A017007B091800630917004C091600360965
S11307B01600200916000A091500F5081500E008BE
S11307C01400CC081400B8081400A40814009008FD
S11307D013007D0812006B08130058081200460825
S11307E01200340811002308110012081100010836
S11307F01100F0071000E0071000D0071000C00738
S11308001000B0070F00A107100091070E00830726
S11308100F0074070F0065070E0057070E00490705
S11308200E003B070D002E070E0020070D001307D6
S11308300D0006070D00F9060C00ED060D00E0069C
S11308400C00D4060C00C8060C00BC060C00B00654
S11308500C00A4060B0099060C008D060B00820602
S11308600B0077060B006C060B0061060A005706A6
S11308700B004C060A0042060A0038060A002E063F
S11308800A0024060A001A060A00100609000706D0
S11308900A00FD050900F4050900EB050900E2055D
S11308A00900D9050900D0050900C7050900BE05DE
S11308B00900B5050800AD050800A50509009C055B
S11308C00800940508008C050800840508007C05D0
S11308D00800740508006C050700650508005D053F
S11308E00700560508004E050700470507004005A8
S11308F0080038050700310507002A05070023050D
S113090007001C050600160507000F05070008056B
S1130910060002050700FB040600F5040700EE04C8
S11309200600E8040600E2040700DB040600D50420
S11309300600CF040600C9040600C3040600BD0473
S11309400600B7040600B1040500AC040600A604C2
S11309500600A00405009B0406009504050090040D
S113096006008A04050085040500800406007A0454
S1130970050075040500700405006B040500660499
S11309800500610405005C040500570405005204D9
S113099005004D04050048040500430405003E0419
S11309A004003A04050035040500300404002C0456
S11309B0050027040400230405001E0404001A048F
S11309C0040016040500110404000D0404000904C5
S11309D005000404040000040400FC030400F803FC
S11309E00400F4030400F0030400EC030400E8032F
S11309F00400E4030400E0030400DC030400D8035F
S1130A000400D4030400D0030400CC030400C8038E
S1130A100300C503030024F404D9201BC40C5C0E9A
S1130A209804C4095F0265077101F405F900FB0429
S1130A30B30048048700C103690058035500030349
S1130A404500BE023A008402310053022A00290202
S1130A50250004022000E4011C00C8011900AF01B4
S1130A601700980114008401130071011000610142
S1130A70100051010E0043010D0036010B002B0143
S1130A800B0020010B00150109000C0109000301F2
S1130A900800FB000800F3000800EB000700E40076
S1130AA00600DE000600D8000600D2000600CC00D6
S1130AB00500C7000500C2000500BD000400B90020
S1130AC00400B5000400B1000400AD000400A90056
S1130AD00400A5000300A20003009F0004009B0083
S1130AE003009800030095000200930003009000A7
S1130AF003008D0002008B000300880002008600C2
S1130B00020084000300810002007F0002007D00D7
S1130B1002007B00020079000200770001007600E9
S1130B2002007400020072000100710002006F00F4
S1130B3002006D0001006C0002006A0001006900FF
S1130B400200670001006600010065000100640006
S1130B5002006200010061000100600001005F000A
S1130B6002005D0001005C0001005B0001005A000E
S1130B70010059000100580001005700010056000F
S1130B80010055000100540001005300000053000F
S1130B9001005200010051000100500001004F000B
S1130BA001004E0000004E0001004D0001004C0009
S1130BB001004B0000004B0001004A000100490005
S1130BC00100480000004800010047000100460001
S1130BD000004600010045000000450001004400FB
S1130BE001004300000043000100420000004200F5
S1130BF001004100000041000100400001003F00ED
S1130C0000003F0001003E0000003E0001003D00E6
S1130C1000003D0001003C0000003C0000003C00DE
S1130C2001003B0000003B0001003A0000003A00D4
S1130C3001003900000039000100380000003800CC
S1130C4000003800010037000000370001003600C2
S1130C5000003600000036000100350000003500B9
S1130C6000003500010034000000340000003400AE
S1130C7001003300000033000000330001003200A3
S1130C800000320000003200010031000000310099
S1130C90000031000100300000003000000030008E
S1130CA001002F0000002F0000002F0000002F0083
S1130CB001002E0000002E0000002E0001002D0077
S1130CC000002D0000002D0000002D0001002C006C
S1130CD000002C0000002C0000002C0001002B0060
S1130CE000002B0000002B0000002B0001002A0054
S1130CF000002A0000002A0000002A000100290048
S1130D00000029000000290000002900000029003B
S1130D10010028000000280000002800000028002E
S1130D200000280001002700000027000000270021
S1130D300000270000002700010026000000260014
S1130D400000260000002600000026000100250007
S1130D5000002500000025000000250000002500FB
S1130D6000002500010024000000240000002400ED
S1130D7000002400000024000100230000002300E0
S1130D8000002300000023000000230000002300D3
S1130D9000002300010022000000220000002200C5
S1130DA000002200000022000000220001002100B7
S1130DB000002100000021000000210000002100AB
S1130DC0000021000000210001002000000020009C
S1130DD0000020000000200000002000000020008F
S1130DE0000020000000200001001F0000001F0080
S1130DF000001F0000001F0000001F0000001F0073
S1130E0000001F0001001E0000001E0000001E0064
S1130E1000001E0000004E414E494E495459494EAF
S1130E2046CDCCCC3D0AD7233C17B7D13877CC2B51
S1130E30329595E6241FB14F0A000020410000C8F6
S1130E404200401C4620BCBE4CCA1B0E5AAEC59D77
S1130E5074008110FE10605911241FBECFEFD1E23F
S1130E60DEBFCDBF14E0A0E0B2E0EEE7F3EC00E0BB
S1130E700BBF02C007900D92A636B107D9F720E147
S1130E80A6E6B4E001C01D92A73AB207E1F71EE05E
S1130E90C8E5DEE000E006C022970109FE010BBFB1
S1130EA00E94AB5EC235D10780E00807A9F70E9413
S1130EB0C1080C94BD610C9400004FB7F894A89538
S1130EC028E1886020936000809360004FBF0895FC
S1130ED03FB7F894A89524B7277F24BF28E120932F
S1130EE06000109260003FBF0895FC010994982FA0
S1130EF0969596959695E92FFF27EE0FE90F08959D
S1130F0091E081FD94E080FD990F82FD9295089512
S1130F1090FD869592FD829591FF0895869586951C
S1130F200895E5DFB196ECDF60FD0DC010C0DFDF92
S1130F30B296E6DF60FD07C00AC0D9DFB096982FED
S1130F408081E6DF0895A081A92BA0830895A08164
S1130F509095A923A08308950F930FB70F931F9320
S1130F60EF93FF93009166041091670413950117A2
S1130F7019F40091CE000BC0109367041A95E8E6AB
S1130F80F4E00027E10FF01F0091CE000083FF91F1
S1130F90EF911F910F910FBF0F9118950F930FB7FA
S1130FA00F931F93EF93FF930091680510916905C8
S1130FB0011731F41091C9001F7D1093C9000BC0B3
S1130FC0EAE6F5E01127E00FF11F10811093CE003F
S1130FD0039500936805FF91EF911F910F910FBF47
S1130FE00F911895539A52981092660410926704C0
S1130FF01092680510926905E8ECFF2784839583B5
S113100082E0808386E0828388E9818308950E9458
S11310105308E8ECFF271182108286E08283148251
S113102015825398529808959091C90095FD07C070
S11310309091C80095FF03C08093CE0008959091CD
S113104069059395E09168059E17E1F39A95EAE6A0
S1131050F5E0E90FF11D80839395909369058091E4
S1131060C90080628093C9000895809166049091BC
S11310706704891711F4882708958FEF08959091D4
S11310806604809167048917E1F3E8E6F4E0E90F68
S1131090F11D80819395909366040895809167046F
S11310A08093660408958091690590916805891775
S11310B0E1F78091C80085FFFCCF98E288278A95E4
S11310C0F1F79A95E1F7089516BC8AEF87BD82E09F
S11310D084BD15BA82E080936E0083E085BD0895D7
S11310E08F938FB78F939F9380916A0690916B062D
S11310F0019680936A0690936B0648F480916C067F
S113110090916D06019680936C0690936D068FEF17
S1131110809372069F918F918FBF8F9118958091C4
S113112072068823B1F04FB7F89460916A06709103
S11311306B0680916C0690916D06109272064FBFFB
S113114060936E0670936F06809370069093710699
S1131150089560916E0670916F068091700690916B
S113116071060895009275060F90009274060F9010
S1131170009273060F92009074060F920090750609
S113118018950E94680781E00E94EE100E94824038
S11311900E947B44FDCF2F923F924F925F926F92B9
S11311A07F928F929F92AF92BF92CF92DF92EF92F3
S11311B0FF920F931F93CF93DF93CDB7DEB7C6543F
S11311C0D1090FB6F894DEBF0FBECDBF3C0178AB9A
S11311D06FA74A012BA30DA3E98EA9AABAAACBAA89
S11311E0DCAA422E512C1201220C331C220C331C7B
S11311F09A01220D331D21963FAF2EAF2197D901BD
S1131200CD90DD90ED90FC90FC01E20DF31D20816A
S1131210318142815381C701B6010E947C596FA379
S113122078A789A79AA710E0000F111F000F111FBC
S1131230F401E00FF11F2396FFAFEEAF23978080F8
S11312409180A280B380F301E00FF11F20813181EE
S113125042815381C501B4010E947C596BA77CA7CC
S11312608DA79EA7F98D8F2F90E0880F991F880F67
S1131270991FF301E80FF91F2081318142815381C5
S11312802B8F3C8F4D8F5E8FEFA5F8A9E80FF91FC8
S113129060817181828193810E947B596F8F78A3D1
S11312A089A39AA3AFA5B8A91C968D919D910D9081
S11312B0BC91A02D8DAB9EABAFABB8AFD3011C9648
S11312C02D913D914D915C911F9727962CAF3DAF89
S11312D04EAF5FAF27972601370177FA709477F8FE
S11312E07094A50194015058298B3A8B4B8B5C8BDD
S11312F0EFA5F8A9E20DF31D2FA138A549A55AA51C
S113130060817181828193810E947B596B017C0190
S1131310EFA5F8A9E00FF11F2BA53CA54DA55EA5EF
S113132060817181828193810E947B594B015C01B0
S1131330A7019601C301B2010E94495D6D8B7E8BAA
S11313408F8B988FA501940169897A898B899C89EF
S11313500E94495D9B01AC016D897E898F89988DBE
S11313600E947C596D8B7E8B8F8B988FA501940185
S1131370C301B2010E94495D4B015C01A7019601C2
S113138069897A898B899C890E94495D9B01AC019A
S1131390C501B4010E947B592D893E894F89588D1E
S11313A00E94EF596B017C0120E030E0A9010E940A
S11313B0555A882354F42BED3FE049EC50E4C7011F
S11313C0B6010E947C596B017C01A0968FADA09759
S11313D0882351F02BED3FE049EC50E4C701B601FE
S11313E00E947B596B017C016F962CAD3DAD4EADD7
S11313F05FAD6F97C701B6010E94495D2F8D38A17B
S113140049A15AA15F770E94845C4B015C012FE6DD
S113141032E143E85AE30E94555A88230CF4E4C1AC
S1131420C501B4010E94325B0E94C95A7AAF69AF08
S11314306115710509F4B2C180E090E00E94F55A8B
S11314404B015C019B01AC01C701B6010E945C5ACF
S11314506D8B7E8B8F8B988FA50194016F8D78A1F6
S113146089A19AA10E945C5A6F8F78A389A39AA339
S113147027962CAD3DAD4EAD5FAD27976DA97EA9E6
S11314808FA998AD0E947B59A50194010E945C5AD2
S11314906DAB7EAB8FAB98AF20E030E040E05FE314
S11314A06D897E898F89988D0E94495D2D893E8939
S11314B04F89588D0E94495D9B01AC0160E070E04A
S11314C080E89FE30E947B596BAF7CAF8DAF9EAFEA
S11314D0598D852F90E0FE01A4E05A9FE00DF11D87
S11314E011242B8D3C8D4D8D5E8D2183328343835E
S11314F0548327962CAD3DAD4EAD5FAD27972D8718
S11315003E874F87588B49AD5AAD4230510508F498
S113151045C1912C22242394312CA1E0B0E0AC0FDE
S1131520BD1FFBA1E4E0FE9FA00DB11D1124BCA3CF
S1131530ABA321E030E02C0F3D1F5DA144E0549F9C
S1131540200D311D11243EA32DA3880F991F880F50
S1131550991FA1E0B0E0AC0FBD1FA80FB91FBA8F4F
S1131560A98FBAE09B1619F0EFE09E1202C00E9408
S11315702C2BF8E1F9150CF442C02BAD3CAD4DAD6C
S11315805EAD69897A898B899C890E94495D6B016A
S11315907C012D893E894F89588DC301B2010E9477
S11315A0495DA70196010E947C59A62EB72E082FEB
S11315B0192F2BAD3CAD4DAD5EADC301B2010E9400
S11315C0495D6B017C012D893E894F89588D69895C
S11315D07A898B899C890E94495D9B01AC01C70172
S11315E0B6010E947B592B013C0193948A2D9B2DBB
S11315F0A02FB12F898B9A8BAB8BBC8B6AC0B101A6
S113160080E090E00E94F55A2D893E894F89588DDB
S11316100E94495D4B015C010E94595A6B017C0197
S1131620C501B4010E94AC5D4B015C012196EEAD95
S1131630FFAD219780819181A281B3819C01AD018D
S11316405058298B3A8B4B8B5C8B2396AEADBFAD38
S113165023978D919D910D90BC91A02D8B8F9C8F84
S1131660AD8FBE8FA701960169897A898B899C8980
S11316700E94495D2B013C01A50194016B8D7C8D79
S11316808D8D9E8D0E94495D9B01AC01C301B20109
S11316900E947C592B013C0129893A894B895C8938
S11316A0C501B4010E94495D4B015C012B8D3C8D49
S11316B04D8D5E8DC701B6010E94495D9B01AC0151
S11316C0C501B4010E947B59698B7A8B8B8B9C8BEF
S11316D0912CA30192016FA178A589A59AA50E94D6
S11316E07C59EBA1FCA16083718382839383298954
S11316F03A894B895C896BA57CA58DA59EA50E9422
S11317007C59ADA1BEA16D937D938D939C9313974A
S11317102F8D38A149A15AA1E98DFA8D608171817B
S1131720828193810E947C59A98DBA8D6D937D939A
S11317308D939C9313972D853E854F8558896DA96C
S11317407EA98FA998AD0E947C595B016C016D87BD
S11317507E878F87988BE984FA840B851C852D817D
S11317603E814F81588569817A818B819C81BCA996
S1131770BF93EBA9EF93FAA9FF93A9A9AF930E9492
S1131780FF2EBFEF2B1A3B0A0F900F900F900F9074
S1131790E9ADFAAD2E163F0609F0E3CEAFA5B8A920
S11317A01C96AD90BD90CD90DC901F971896ED904F
S11317B0FD900D911C911B9714962D913D914D9187
S11317C05C9117976D917D918D919C91BCA9BF936C
S11317D0EBA9EF93FAA9FF93A9A9AF930E94FF2E57
S11317E00F900F900F900F90CA5BDF4F0FB6F894D5
S11317F0DEBF0FBECDBFDF91CF911F910F91FF9040
S1131800EF90DF90CF90BF90AF909F908F907F909C
S11318106F905F904F903F902F900895862F0E9475
S113182014080895862F0E94140808954F925F9219
S11318306F927F928F929F92AF92BF92CF92DF92DC
S1131840EF92FF920F931F93CF93DF93CDB7DEB741
S1131850A0970FB6F894DEBF0FBECDBF8C01CB01AD
S1131860BA01611571058105910509F457C0422E2D
S1131870512C612C712C9E012F5F3F4F7901812CDB
S1131880912C54013FEF831A930AA30AB30AA301CC
S113189092010E94335EF70161937F01B901CA018D
S11318A0611571058105910569F775016401F1E020
S11318B0CF1AD108E108F1080FC0605DC8010E9489
S11318C0120CD701C6010197A109B109CD28CE2870
S11318D0CF2869F06C017D01E1E0F0E0EC0FFD1F21
S11318E0EC0DFD1D60816A3040F3695CE7CFA09682
S11318F00FB6F894DEBF0FBECDBFDF91CF911F911D
S11319000F91FF90EF90DF90CF90BF90AF909F909A
S11319108F907F906F905F904F90089560E3C8011F
S1131920A0960FB6F894DEBF0FBECDBFDF91CF9166
S11319301F910F91FF90EF90DF90CF90BF90AF90E9
S11319409F908F907F906F905F904F900C94120CAB
S11319502AE00E94160C0895CF92DF92EF92FF9234
S1131960CF93DF93EC016A017B0177FD0CC02AE081
S1131970B701A601CE01DF91CF91FF90EF90DF90E8
S1131980CF900C94160C6DE20E94120CF094E0942B
S1131990D094C094C11CD11CE11CF11CE8CFAB0154
S11319A0662757FD6095762F0E94AC0C08958F92A0
S11319B09F92AF92BF92CF92DF92EF92FF921F93CA
S11319C0CF93DF93EC016A017B01B22E20E030E07B
S11319D0A901C701B6010E94555A87FD5EC0BB200C
S11319E009F464C010E060E070E080E09FE320E070
S11319F030E040E251E40E945C5A1F5F1B11F7CFB4
S1131A009B01AC01C701B6010E947C596B017C01AA
S1131A100E94C95A4B015C010E94F55A9B01AC011A
S1131A20C701B6010E947B596B017C01B501A40179
S1131A30CE010E94A80C6EE2CE010E940E0C20E0A2
S1131A4030E040E251E4C701B6010E94495D6B01F8
S1131A507C010E94C45A4B015C01CE010E94CF0C50
S1131A60B401882777FD8095982F0E94F75A9B012F
S1131A70AC01C701B6010E947B596B017C01115076
S1131A80F1F6DF91CF911F91FF90EF90DF90CF900F
S1131A90BF90AF909F908F9008956DE2CE010E9409
S1131AA0120CF7FAF094F7F8F09499CF20E030E0B4
S1131AB040E05FE3C701B6010E947C590E94C95A05
S1131AC0AB01BC01CE01DF91CF911F91FF90EF904C
S1131AD0DF90CF90BF90AF909F908F900C94A80C04
S1131AE02115310529F02A30310529F00C94160C02
S1131AF0642F0C94120C0C94AC0C0F931F93CF9383
S1131B00DF938C01EB016881662339F02196C801CB
S1131B100E940E0C69916111FACFDF91CF911F9150
S1131B200F9108950F931F93CF93DF93EC018B01D3
S1131B300F5F1F4FAB01662757FD6095762F6BBF74
S1131B40FA016791662379F0CE010E940E0CA80178
S1131B50662757FD6095762F6BBFFA0167910F5F7B
S1131B601F4F6111F1CFDF91CF911F910F91089514
S1131B70CF92DF92EF92FF92C0900007D0900107BE
S1131B80E12CF12C60E070EB8FEF9FEFA701960141
S1131B900E94555E309303022093020260E070E5D8
S1131BA080E090E0A70196010E94555E3093010207
S1131BB020930002FF90EF90DF90CF900895AF92B2
S1131BC0BF92DF92EF92FF920F931F93CF93DF9315
S1131BD08B015A01423051050CF44EC0EB012E81A9
S1131BE03F8128173907ECF5DB01149641E050E0FA
S1131BF0E1E0F0E0DD24D3940FC04D2D50E0D80196
S1131C00D4E0DD9EA00DB11D112412962D913C91BE
S1131C101397281739073CF54150504C440F551F72
S1131C20440F551F400F511FEA016A817B81E880F0
S1131C30F980AC01461B570B0D90BC91A02DAE1939
S1131C40BF094A9FC0014B9F900D5A9F900D1124CC
S1131C50A901461B570BBA010E941F5E6E0D7F1D22
S1131C6011C0DD24D394D394ED2DF0E0EA15FB05E7
S1131C7024F260E070E006C0E1E0F0E0DD24D394FB
S1131C8060E070E0EA15FB0569F48D2D90E0815069
S1131C90904C880F991F880F991FF801E80FF91FBE
S1131CA0608171818FEF93E0861B970BDF91CF9159
S1131CB01F910F91FF90EF90DF90BF90AF90089528
S1131CC0AF92BF92DF92EF92FF920F931F93CF9345
S1131CD0DF938B015A014FEF53E0481B590B22E06D
S1131CE0A216B1040CF44EC0EB012C813D814217C5
S1131CF05307ECF5DB01149681E090E0E1E0F0E0BD
S1131D00DD24D3940EC08D2D90E0D801D4E0DD9E67
S1131D10A00DB11D11242D913C9111974217530729
S1131D2044F58150904C880F991F880F991F800F9C
S1131D30911FEC0168817981EA80FB80461B570B77
S1131D4012960D90BC91A02DAE19BF094A9FC001F7
S1131D504B9F900D5A9F900D1124A901461B570BC0
S1131D60BA010E941F5EC701860F971F11C0DD24B0
S1131D70D394D394ED2DF0E0EA15FB0524F280E032
S1131D8090E006C0E1E0F0E0DD24D39480E090E050
S1131D90EA15FB0569F48D2D90E08150904C880F75
S1131DA0991F880F991FF801E80FF91F8281938109
S1131DB0DF91CF911F910F91FF90EF90DF90BF9033
S1131DC0AF9008958F929F92AF92BF92EF92FF923D
S1131DD00F931F93CF93DF93EC011C860A811B8121
S1131DE08E819F81F801E81BF90B288539857C01D8
S1131DF0E21AF30A998788872091FE063091FF063C
S1131E00DF010E94915E4B015C0199232CF42FEFBA
S1131E10820E911CA11CB11C892C9A2CAB2CBB24C6
S1131E20A7FCBA942BEB30E0D8010E94915E472FB7
S1131E30582F692F772767FD7A954B5151094F3FEA
S1131E40510514F04FEF50E0840E951EEE31F1056C
S1131E506CF5AA85BB85AE0FBF1F2091000230919F
S1131E6001028091020290910302A817B9072CF095
S1131E702A173B071CF4D90101C0DC01BB87AA87E0
S1131E8020910007309101070E94915E8B019C0113
S1131E90992324F401501F4F2F4F3F4FBB2737FD89
S1131EA0BA95A32F922F812F880E991ECF01FF235D
S1131EB024F4882799278E1B9F0B8235910544F0C3
S1131EC061E570E00E941F5ECB01E5E0F0E002C036
S1131ED0E1E0F0E08A30910534F069E070E00E94BE
S1131EE01F5ECB01329604970CF0319620910207C5
S1131EF030910307D7010E94915E3E2F2227442789
S1131F0037FD4095542F0E94555E280D391D2F3FF3
S1131F10310519F014F02FEF30E0332314F420E0EE
S1131F2030E02C87DF91CF911F910F91FF90EF90BC
S1131F30BF90AF909F908F9008950F931F93CF936E
S1131F40DF93EB010E948F0800917F0610918006B9
S1131F502091810630918206DC01CB01801B910B1C
S1131F60A20BB30B843F9140A105B10508F4C4C092
S1131F700E948F0860937F06709380068093810689
S1131F809093820610927C00EAE7F0E080818064FE
S1131F908083808186FDFDCF209178003091790087
S1131FA08FEF93E0821B930B909395068093940696
S1131FB044E250E06EE273E00E94600E9093970654
S1131FC08093960680E996E00E94E20E88819981CA
S1131FD0892B29F480919C0680939A0014C069E1AE
S1131FE073E086E796E00E947D0D8DE00E94140860
S1131FF08AE00E941408109293061092920680912F
S11320009C0680939A000E948F0800917B06109191
S11320107C0620917D0630917E06DC01CB01801B7D
S1132020910BA20BB30B88389341A105B10508F4B9
S113203063C00E948F0860937B0670937C06809334
S11320407D0690937E0682E080937C00EAE7F0E0D0
S1132050808180648083808186FDFDCF80917800BB
S1132060909179000FEF13E0081B190B1093880669
S11320700093870644E250E06EE273E0C8010E94D8
S1132080600E90938A0680938906809179069091D8
S11320907A060817190744F41092840610928306EE
S11320A010928606109285068091770690917806A4
S11320B08017910744F410928406109283061092BC
S11320C086061092850688819981892B89F48091EE
S11320D0830690918406081719072CF48FEF90E07B
S11320E08093980009C080E090E08093980004C039
S11320F080E090E080939800DF91CF911F910F9141
S1132100089544E250E06EE273E085E090E00E94BE
S1132110DF0D90937A068093790644E250E06EE2F4
S113212073E083E191E00E94DF0D90937806809341
S11321307706089512B88FED81B988E185B987EEE5
S113214084B98FEF88B99FE397B98BB99BEF9AB99C
S113215093EC9EB92CE32DB99EB998EF91BB10BABC
S113216084BB13BA87E080937E0087E880937A006B
S113217010927B0016BC8AEF87BD82E084BD15BA3D
S113218080936E0083E085BD80E090E080938800BA
S113219080938A0081EA809380008BE080938100A1
S11321A080E090E080939A0080939C008093980054
S11321B089EA809390008BE0809391001092A000B4
S11321C08AE08093A1001092A5001092A40080EDF3
S11321D097E09093A9008093A8000895882319F0AC
S11321E0E4E8F2E002C0E4E0F2E080E8AAEAB6E063
S11321F001900D928A95E1F7089508958F929F9228
S1132200AF92BF92CF92DF92EF92FF9220918C0215
S113221030918D0240918E0250918F0260E070E007
S11322208AEF93E40E945C5A6B017C01209188023E
S11322303091890240918A0250918B0260E070E0F3
S11322408AEF93E40E945C5AA70196010E94455BC1
S11322504B015C016093CC027093CD028093CE025B
S11322609093CF022091900230919102409192027A
S11322705091930260E070E08AEF93E40E945C5A0C
S11322806B017C016093D0027093D1028093D202DF
S11322909093D3022091940230919502409196023A
S11322A05091970260E070E08AEF93E40E945C5AD8
S11322B06093D4027093D5028093D6029093D70290
S11322C080924C0290924D02A0924E02B0924F0224
S11322D0C0925002D0925102E0925202F092530204
S11322E06093540270935502809356029093570260
S11322F0FF90EF90DF90CF90BF90AF909F908F9022
S113230008958EBD0DB407FEFDCF08958FEF0E9492
S113231081118EB50895179A089517980895CF934B
S1132320DF93EC018D81882309F18FEF8EBD8E81BF
S11323309F819C012F5F3F4F3F832E8381309240CA
S113234070F44FEF0DB407FEFDCF4EBD2E813F81DB
S1132350C90101969F838E832130324098F30DB4D6
S113236007FEFDCFCE010E948B111D82DF91CF911C
S11323700895673028F026E1FC01248380E0089565
S113238060FD02C0663021F48DB58E7F8DBD03C023
S11323908DB581608DBD8CB58C7F8CBD9CB562FF85
S11323A002C082E001C080E066956170692B682BF1
S11323B06CBD81E008950F931F93CF93DF93EB01DE
S11323C00E948F088B010E9486118F3F41F00E946A
S11323D08F08601B710B6C177D07A8F302C081E0A6
S11323E001C080E0DF91CF911F910F910895BF92BA
S11323F0CF92DF92EF92FF920F931F93CF93DF93CD
S11324008C01B62E69017A010E948F11C8010E94C5
S11324108D116CE271E0C8010E94DB118B2D806488
S11324200E948111C8E1D0E0D701C6010C2E04C07E
S1132430B695A795979587950A94D2F70E9481112E
S11324402897C83F8FEFD80779F7BB2029F0E8E039
S1132450BE1621F08FEF03C085E901C087E80E9412
S11324608111C0E00E948611F8018187882324F439
S1132470CF3F11F0CF5FF6CFDF91CF911F910F9136
S1132480FF90EF90DF90CF90BF900895AF92BF92EE
S1132490CF92DF92EF92FF920F931F93CF93DF932C
S11324A0EC01B62E1A8618861D821C820E948F08A3
S11324B08B01209A0F9ACE010E948B112398229AA5
S11324C0219A83E58CBD8DB58E7F8DBD0F2EFAE0EC
S11324D0AF2EF02D8FEF0E948111AA94D9F70AC074
S11324E00E948F08601B710B613D774018F081E0FA
S11324F08C836DC020E030E0A90160E0CE010E9431
S1132500F7118987813061F72AEA31E040E050E031
S113251068E0CE010E94F71182FF03C081E08A8740
S11325200FC06894FF24F2F80E9486118987FA94F8
S1132530D9F78A3A19F082E08C8349C082E08A870D
S11325408A85823031F4C12CD12C76016894F6F856
S11325500EC0C12CD12C76010AC00E948F08601BCA
S1132560710B613D774018F088E08C8330C020E027
S113257030E0A90167E3CE010E94F711A70196019B
S113258069E2CE010E94F71189878111E6CF8A851D
S11325908230A1F420E030E0A9016AE3CE010E9478
S11325A0F711882319F086E08C8311C00E948611EC
S11325B0807C803C81F483E08A870DC0CE010E9438
S11325C08B116B2DCE010E94B911A82E0BC0CE0128
S11325D00E948B1107C00E9486110E9486110E94DE
S11325E08611ECCF8A2DDF91CF911F910F91FF902F
S11325F0EF90DF90CF90BF90AF9008950F931F930B
S1132600CF93DF93EC010E948F088B010AC00E94D4
S11326108F08601B710B6D32714018F08FE08C8352
S113262009C00E94861189878F3F89F38E3F39F054
S11326308DE08C83CE010E948B1180E001C081E08B
S1132640DF91CF911F910F910895CF92DF92EF9276
S1132650FF920F931F93CF93DF93EC016901011550
S1132660110509F483C0C801820F931F8130924081
S113267008F077C08D81882371F088819981AA81BF
S1132680BB8184179507A607B70729F48E819F811C
S1132690C816D90628F5488359836A837B838A85BB
S11326A0833049F0032E39E0440F551F661F771F0E
S11326B03A95D1F7302D9A01AB0161E1CE010E9428
S11326C0F711882319F083E08C834BC0CE010E945C
S11326D0FE12882309F445C01F821E8281E08D8387
S11326E08FEF8EBD8E819F818C159D0568F42FEF31
S11326F00DB407FEFDCF2EBD8E819F8101969F8371
S11327008E838C159D05A0F3980121503109211564
S1132710310571F0F70180E090E05FEF0DB407FE42
S1132720FDCF4EB541935EBD019682179307B0F37A
S11327300DB407FEFDCF8EB5F701E20FF31F8083C2
S11327408E819F81080F191F1F830E83888588231C
S113275019F00115124060F0CE010E948F1181E042
S113276008C0CE010E948B1180E003C081E001C04B
S113277081E0DF91CF911F910F91FF90EF90DF9057
S1132780CF900895EF92FF920F931F93790100E089
S113279012E020E030E00E9425131F910F91FF907A
S11327A0EF900895CF93DF93EC016EBD9A012F5FF4
S11327B03F4F4F5F5D4F0DB407FEFDCFF901D901C7
S11327C011978C918EBD0DB407FEFDCF80818EBD17
S11327D02E5F3F4F2417350771F70DB407FEFDCF69
S11327E08FEF0E9481118FEF0E9481110E94861148
S11327F089878F71853039F081E18C83CE010E9405
S11328008B1180E001C081E0DF91CF9108950F9397
S11328101F93CF93DF93EC018901411551056105A5
S1132820710519F482E18C833DC08A85833049F0B7
S1132830032E39E0440F551F661F771F3A95D1F7D1
S1132840302D9A01AB0168E1CE010E94F711882373
S113285019F084E08C8326C0A8016EEFCE010E949B
S1132860D2138823F9F068E572E0CE010E94DB11EF
S1132870811103C085E18C8315C020E030E0A901FB
S11328806DE0CE010E94F711811104C00E948611EF
S1132890882319F084E18C8305C0CE010E948B113A
S11328A081E004C0CE010E948B1180E0DF91CF91C2
S11328B01F910F910895CF93DF93EC019C012D5F3D
S11328C03F4F41E050E060E070E0888D998D0E94B8
S11328D054218823A9F04C895D896E897F89452B11
S11328E0462B472B79F44B815C816D817E814C8B27
S11328F05D8B6E8B7F8B89818068898381E003C0C7
S113290080E001C081E0DF91CF910895CF92DF9202
S1132910EF92FF921F93CF93DF93EC010E945B141D
S1132920882309F44BC0E88DF98DCB80DC80ED80E1
S1132930FE8082E0C81AD108E108F108058404C0C9
S1132940CC0CDD1CEE1CFF1C0A94D2F786859785FF
S1132950A089B189C80ED91EEA1EFB1E1481112359
S113296089F081E0C81AD108E108F108C701B6016D
S1132970610F711D811D911D0E94731F882301F138
S11329801150A1F7E88DF98D80E092E0A0E0B0E06D
S1132990058404C0880F991FAA1FBB1F0A94D2F78D
S11329A0488959896A897B89840F951FA61FB71F97
S11329B0888B998BAA8BBB8B81E003C080E001C01C
S11329C080E0DF91CF911F91FF90EF90DF90CF9047
S11329D00895CF93DF93EC01462F6B857C858D851D
S11329E09E850E94361F882341F08F8520E2829FB6
S11329F0C00111248D5C984F02C080E090E0DF910B
S1132A00CF9108951F93CF93DF93382FFB018BE071
S1132A1020E221938150E9F7A32FB92F50E0C7E0BA
S1132A2018E0DAE022ED31E021C04E3211F0F90174
S1132A3008C0CA3021F1512FCD2F18C03196491743
S1132A40F1F094919111FACFC517C8F09FED940F4E
S1132A509E35A8F491E0950FFB01E50FF11D5FE9A8
S1132A60540F5A3108F440524083592F4D9141116B
S1132A70DCCF81E0FB019081903209F480E0DF91AA
S1132A80CF911F9108950F931F93CF93DF93EC0180
S1132A908B018A8181114EC0FB018789803119F530
S1132AA082E08A831C8A1D8A1E8A1F8A408D518D6A
S1132AB060E070E0440F551F661F771F440F551FD9
S1132AC0661F771F440F551F661F771F440F551F3E
S1132AD0661F771F440F551F661F771F488B598B3E
S1132AE06A8B7B8B15C0803239F583E08A83FB01C6
S1132AF0428D538D648D758D4C8B5D8B6E8B7F8B6E
S1132B009E01205F3F4FC8010E9425208823B1F019
S1132B10198F088F81E089831B821C821D821E828B
S1132B201F82188619861A861B861C861D861E8699
S1132B301F8605C080E003C080E001C080E0DF9113
S1132B40CF911F910F910895BF92CF92DF92EF9290
S1132B50FF920F931F93CF93DF937C01B62EEC016A
S1132B60C12CD12C8E018881803261F088E0C8129A
S1132B7004C08EE20E941408D394F80180810E945C
S1132B801408D394C3942196FBE0CF12EBCFF70142
S1132B9083858871803121F48FE20E941408D394D4
S1132BA0DB1430F480E20E941408D394DB14D0F3D5
S1132BB0DF91CF911F910F91FF90EF90DF90CF9015
S1132BC0BF900895CF93DF9300D01F92CDB7DEB7A7
S1132BD09DEC899F912D112496959695969520E3C9
S1132BE0290F2983990F292F220F220F920F891B56
S1132BF0805D8A831B82BE016F5F7F4F86E796E00C
S1132C000E947D0D0F900F900F90DF91CF9108954A
S1132C10CF93DF93EC01AC01452F552746954454DF
S1132C20584F60E070E02AE086E796E00E94160CB8
S1132C308DE20E941408CE0196958795929582950F
S1132C408F7089279F7089278F700E94E2158DE20B
S1132C500E9414088C2F8F710E94E215DF91CF918E
S1132C600895CF93DF93EC018D2F869586958695F5
S1132C700E94E2158AE30E941408CE019695879576
S1132C80929582958F7089279F7089278F730E94F0
S1132C90E2158AE30E9414088C2F8F71880F0E941A
S1132CA0E215DF91CF9108952F923F924F925F9258
S1132CB06F927F928F929F92AF92BF92CF92DF9248
S1132CC0EF92FF920F931F93CF93DF9300D000D026
S1132CD000D0CDB7DEB79E838D833B015A834983F1
S1132CE0DC0112968C911297882309F411C1119674
S1132CF08C91119780FF0FC150964D915D916D910C
S1132D007C91539717968D919D910D90BC91A02D18
S1132D10E981FA814F01A12CB12C8A019B01081B86
S1132D20190B2A0B3B0B081519052A053B0528F43A
S1132D308A01081B190B1A83098329813A812115F9
S1132D40310509F4E2C059018D819E8103969C836B
S1132D508B83412C6894552451F822242394312CDC
S1132D60ED81FE8187819085A185B2854C01F1E0DA
S1132D709F22ED81FE8122812230D9F4AC01BD0174
S1132D80032E39E076956795579547953A95D1F78F
S1132D90302D008CF18DE02D828D938DA48DB58D19
S1132DA08A019B01080F191F2A1F3B1FC901B80183
S1132DB059C0ED81FE81E08CF18CF701D480DA9466
S1132DC08C019D010F2EF9E03695279517950795EF
S1132DD0FA95D1F7F02DD0228114910409F5D11080
S1132DE01FC0892B8A2B8B2B59F4ED81FE8184899A
S1132DF09589A689B78983839483A583B68310C0F4
S1132E00AD81BE8113964D915D916D917C91169724
S1132E102B813C81C7010E949A1F882309F47EC03C
S1132E20ED81FE81208D318D83819481A581B681D0
S1132E300297A109B109F901058404C0880F991FFB
S1132E40AA1FBB1F0A94D2F70685178520893189EA
S1132E50800F911FA21FB31FBC01CD016D0D711D09
S1132E60811D911D92012819390965012A153B0517
S1132E7008F46901AD81BE8111962C9126FD05C02F
S1132E80C114B2E0DB0609F060C0009104031091A4
S1132E900503209106033091070360177107820729
S1132EA0930709F044C051C06C0C7D1C1CC0B401D4
S1132EB06D5C784F9B012C0D3D1D6217730799F0D3
S1132EC0FB01D301C90141914D93E817F907D9F7E3
S1132ED04B01EFEF8E1A9E0AC10188199909280F38
S1132EE0391F620E731EED81FE8187819085A18555
S1132EF0B2858C0D9D1DA11DB11D87839087A1876F
S1132F00B287AC18BD0809F02BCF89819A8123C000
S1132F108FEF9FEF20C08FEF9FEF1DC08FEF9FEFCC
S1132F201AC08FEF9FEF17C08FEF9FEF14C073018C
S1132F3086019401AB01BC01809131079091320765
S1132F400E9425138111B0CFECCF40E00E94361FC0
S1132F508111ADCFE9CF26960FB6F894DEBF0FBE30
S1132F60CDBFDF91CF911F910F91FF90EF90DF9034
S1132F70CF90BF90AF909F908F907F906F905F9015
S1132F804F903F902F900895CF92DF92EF92FF924F
S1132F900F931F93CF93DF931F92CDB7DEB78C01AE
S1132FA0FC018281823060F1C780D084E184F284A4
S1132FB041E050E0BE016F5F7F4FC8010E9454168C
S1132FC0019709F5F80187819085A185B2854F960F
S1132FD0A11DB11D87839087A187B287D701C60140
S1132FE0689414F8B695A795979587951694D1F794
S1132FF08F70F0E28F9FC00111248D5C984F05C043
S113300080E090E002C080E090E00F90DF91CF91EB
S11330101F910F91FF90EF90DF90CF9008954F9202
S11330205F926F927F928F929F92AF92BF92CF9254
S1133030DF92EF92FF920F931F93CF93DF93EC01F4
S11330404A015B012A81222309F481C08889998974
S1133050AA89BB8984179507A607B70708F479C01E
S1133060223031F44F83588769877A8781E074C0AE
S1133070411551056105710551F41B821C821D82A5
S11330801E821F82188619861A8681E065C08F8188
S11330909885A985BA85E88DF98DC584D12C29E058
S11330A0C20ED11CAC01BD01415051096109710925
S11330B00C2C04C076956795579547950A94D2F7DA
S11330C095018401015011092109310928013901AF
S11330D004C07694679457944794CA94D2F77301C2
S11330E06201441655066606770620F0892B8A2B62
S11330F08B2B49F48C899D89AE89BF898B839C83F2
S1133100AD83BE8316C0C41AD50AE60AF70A11C0F5
S11331104B815C816D817E819801888D998D0E949F
S11331209A1F21E0C21AD108E108F108811104C0F4
S113313012C08E010D5F1F4FC114D104E104F104CC
S113314039F78F829886A986BA8681E005C080E027
S113315003C080E001C080E0DF91CF911F910F9107
S1133160FF90EF90DF90CF90BF90AF909F908F90A3
S11331707F906F905F904F9008950F931F93CF931C
S1133180DF93EC018A818823C1F18981882394F536
S113319061E0CE010E94E9148C01009781F18A81DB
S11331A0823048F488899989AA89BB89F801848F77
S11331B0958FA68FB78F8C899D89F801938F828F05
S11331C04C895D896E897F89758B648BE0912A07B0
S11331D0F0912B07309759F0B8016A5E7F4FC80110
S11331E048960995F801808D918D938B828B898106
S11331F08F7789830E94F71E03C080E001C080E0BE
S1133200DF91CF911F910F910895CF93DF93EC013C
S11332100E94BD18882319F01A8281E001C080E061
S1133220DF91CF9108954F925F926F927F92AF9208
S1133230BF92CF92DF92EF92FF920F931F93CF939F
S1133240DF9300D000D0CDB7DEB75C016A017B010B
S1133250DC0112968C911297813009F09DC0119671
S11332608C91119781FF9AC050968D919D910D90EC
S1133270BC91A02D84179507A607B70708F490C042
S1133280892B8A2B8B2B09F48DC0F5014780508440
S113329061847284C5010E940F18882309F484C0D4
S11332A0C114D104E104F104B1F4D50154964D9153
S11332B05D916D917C91579758968D919C915997FA
S11332C00E947722882309F471C0F501148A158AB3
S11332D0168A178A42C0D50113964D915D916D915E
S11332E07C9116979E012F5F3F4F58968D919C912C
S11332F059970E949A1F882371F149815A816B81E1
S11333007C81D5015896ED91FC915997878980313C
S113331029F408EF1FEF20E030E004C008EF1FEFAE
S11333202FEF3FE04017510762077307B0F4CF0156
S11333300E947722882379F0F501438154816581C5
S113334076810FEF1FEF2FEF3FE0808D918D0E946C
S1133350AB20811102C080E02CC0D5015096CD92E3
S1133360DD92ED92FC92539711968C91119780689F
S113337011968C93C5010E94BD188823C9F0B7012A
S1133380A6014C145D046E047F0410F4B301A20181
S1133390C5010E940F180DC080E00BC080E009C079
S11333A080E007C081E005C080E003C080E001C088
S11333B080E00F900F900F900F90DF91CF911F91AD
S11333C00F91FF90EF90DF90CF90BF90AF907F90E0
S11333D06F905F904F900895FF920F931F93CF9338
S11333E0DF93EC01F42E80E2689FF0011124ED5C80
S11333F0F84F8385817121F0842F827409F053C0C2
S11334006F878091040390910503A0910603B09106
S113341007038B879C87AD87BE870489158920E0C5
S113342030E09801112700270C8B1D8B2E8B3F8BCE
S1133430428D538D60E070E0402B512B622B732B37
S11334404C8B5D8B6E8B7F8B8385887159F4848D57
S1133450958DA68DB78D888B998BAA8BBB8B81E0BC
S11334608A830DC0803109F59E01205F3F4F888D0E
S1133470998D0E9425208823D1F084E08A838F2DA2
S11334808F7089831B821C821D821E821F82188674
S113349019861A86F6FE0DC040E050E0BA01CE014E
S11334A00E94131907C080E005C080E003C080E0DB
S11334B001C081E0DF91CF911F910F91FF9008959A
S11334C09F92AF92BF92CF92DF92EF92FF920F93AF
S11334D01F93CF93DF93CDB7DEB72B970FB6F89436
S11334E0DEBF0FBECDBF6C017B01922EFC01828139
S11334F08111C1C0BE016F5F7F4FCA010E940215D6
S1133500882309F4BAC0F701808D918DF601918F5B
S1133510808FF70113821482158216821782108617
S113352011861286B12CAA24A3943FC0689414F87F
S113353036952795179507951694D1F70F70C701FF
S11335400E94C417009709F49AC0FC012081222329
S113355011F0253EB1F4B1100FC0F6010787409178
S11335600403509105036091060370910703438798
S1133570548765877687BA2CFC018081811115C038
S113358023C04BE050E0BC01CE0101960E9488614B
S1133590892B59F4892D8073803309F472C0492D25
S11335A0602FC6010E94EC1977C0F70107811085CE
S11335B02185328580899189A289B38908171907E1
S11335C02A073B0708F4B2CF892D8271823109F0B2
S11335D05AC0BB2041F061E0C6010E94E9148C018D
S11335E0009781F452C0F7018281823009F44FC000
S11335F0C7010E948614882309F44BC0F60117867C
S113360003E317E080E2F80111928A95E9F78BE071
S1133610FE013196D80101900D928A95E1F7E0916F
S11336202A07F0912B07309739F0B801625F7F4F7A
S1133630C8014096099509C081E298E2F801918B8E
S1133640808B80E098E097878687F801808991894C
S1133650938B828B918F808F86859785978B868BB2
S11336600E94F71E8823B9F0492DF6016785C6012B
S11336700E94EC1911C080E00FC080E00DC080E012
S11336800BC080E009C080E007C080E005C080E096
S113369003C080E001C080E02B960FB6F894DEBF33
S11336A00FBECDBFDF91CF911F910F91FF90EF908F
S11336B0DF90CF90BF90AF909F900895DF92EF92EC
S11336C0FF920F931F93CF93DF93EC018B017A0149
S11336D0D22E8A8181112CC0822F8073803351F1C4
S11336E0FB01808D918D998F888F440F551F4295D2
S11336F05295507F5427407F542760E070E0C80102
S11337000E940F188823C1F0C8010E94C4170097B3
S1133710A9F0FC018081882399F0853E99F08E32CE
S113372099F06E2D6F704D2DCE010E94EC190DC0D5
S113373080E00BC080E009C080E007C080E005C0E5
S113374080E003C080E001C080E0DF91CF911F9151
S11337500F91FF90EF90DF9008952F923F924F9238
S11337605F926F927F928F929F92AF92BF92CF920D
S1133770DF92EF92FF920F931F93CF93DF93CDB716
S1133780DEB76B970FB6F894DEBF0FBECDBF6C01EA
S1133790B62EFC01138214821582168217821086BB
S11337A011861286E42EF12CF62FF3708F2E862FBD
S11337B08170982EE62FE470AE2E4E5F4B8FF62F5D
S11337C0F2707F2E0F2EFEE06F2EF02D5DC0F801FB
S11337D08081882309F48AC0853E09F455C08E325D
S11337E009F452C0838583FD4FC01E141F0464F482
S11337F0412C80E20E9414084394842D992787FD6C
S113380090958E159F05ACF3882011F0662D01C0AC
S113381060E0C8010E94A415992069F0F801808D28
S1133820918D0E94081680E20E941408F80186898E
S113383097890E943116F80183858871803111F0CF
S113384071102AC08DE00E9414088AE00E941408B6
S1133850AA20D1F0F801838588718031A9F42AC0A7
S11338604B8D6B2DCE0101960E94AD1BA101440F1F
S1133870551F42955295507F5427407F542760E04E
S113388070E0C6010E940F18C6010E94C4178C0183
S1133890009709F09CCF2AC080E20E941408F80126
S11338A0448D558D668D778D2AE086E796E00E94DB
S11338B0160CC8CFF60147815085618572851A01BF
S11338C02B01689414F856944794379427941694CB
S11338D0D1F71B82A1014150510921E0B601CE016B
S11338E001960E945E1B882309F2BACF6B960FB62D
S11338F0F894DEBF0FBECDBFDF91CF911F910F9122
S1133900FF90EF90DF90CF90BF90AF909F908F90FB
S11339107F906F905F904F903F902F900895CF933A
S1133920DF93EC0140E050E0BA010E9413198823B0
S113393069F061E0CE010E94E914009749F025EE98
S1133940FC0120831A820E94F71E03C080E001C09C
S113395080E0DF91CF910895CF93DF93CDB7DEB7A9
S11339606A970FB6F894DEBF0FBECDBFAB011B82C2
S113397022E0BC01CE0101960E94601A882329F03E
S1133980CE0101960E948F1C01C080E06A960FB69A
S1133990F894DEBF0FBECDBFDF91CF9108952F9273
S11339A03F924F925F926F927F928F929F92AF92CB
S11339B0BF92CF92DF92EF92FF920F931F93CF9318
S11339C0DF93CDB7DEB728970FB6F894DEBF0FBEEE
S11339D0CDBF8C014B015E834D83DC0112968C912B
S11339E01297813009F080C111968C91119781FF53
S11339F07BC182FF17C050964D915D916D917C9172
S1133A00539717968D919D910D90BC91A02D84177D
S1133A109507A607B70731F0C8010E940F1888233D
S1133A2009F462C1ED81FE81309709F42EC16F0162
S1133A30212C6894332431F8F80187819085A1857D
S1133A40B285008CF18DE02DF887EF83AC01BD01C8
S1133A50032E39E076956795579547953A95D1F7B2
S1133A60302D2481215024235C01F1E0BF22211157
S1133A7057C0A114B10409F06AC1D80113964D913D
S1133A805D916D917C911697411551056105710504
S1133A90B1F454968D919D910D90BC91A02D0097F9
S1133AA0A105B10531F4C8010E945B14811122C142
S1133AB01BC1F80183839483A583B6831BC19E0134
S1133AC02F5F3F4F8F8198850E949A1F811102C0FA
S1133AD090E069C149815A816B817C81D8015896F3
S1133AE0ED91FC9159978789803129F488EF9FEFF4
S1133AF0A0E0B0E004C088EF9FEFAFEFBFE048174D
S1133B0059076A077B0730F0C8010E945B148111D2
S1133B10F1C0EAC0F8014383548365837683EAC025
S1133B20C1018A199B0976018C159D0508F47C0155
S1133B30D80113964D905D906D907C901697B2E0ED
S1133B404B1A510861087108EF81F885058404C097
S1133B50440C551C661C771C0A94D2F786859785FD
S1133B60A089B189480E591E6A1E7B1E420E511C43
S1133B70611C711CE114F2E0FF0639F58091040325
S1133B8090910503A0910603B09107038415950550
S1133B90A605B70559F48FEF9FEFDC01809304036A
S1133BA090930503A0930603B09307039401B30114
S1133BB0A20180913107909132070E940714882353
S1133BC009F492C09EEF991A4DC0A114B10429F5CD
S1133BD0D80117964D915D916D917C911A975096ED
S1133BE08D919D910D90BC91A02D481759076A079E
S1133BF07B0798F00E94F71E882309F475C0409251
S1133C0004035092050360920603709207038091A7
S1133C10300781608093300708C041E0C301B201DE
S1133C200E94361F882309F45FC0B5016D5C784F8C
S1133C309B012E0D3F1D62177307A1F0D401FB01F8
S1133C40C9014D914193E817F907D9F75B01BFEF1B
S1133C50AB1ABB0A81E090E08A199B09280F391F2F
S1133C60820E931ECE18DF08F80187819085A18506
S1133C70B2858E0D9F1DA11DB11D87839087A187DD
S1133C80B287C114D10409F0D7CEF8018781908599
S1133C90A185B2854089518962897389481759077A
S1133CA06A077B0740F4808B918BA28BB38B818155
S1133CB0806881830DC080912A0790912B07892BFE
S1133CC039F02D813E81232B19F081818068818315
S1133CD0F801818183FF05C0C8010E94BD188823B3
S1133CE019F08D819E815FC081E0D8018C938FEFA4
S1133CF09FEF59C07601B1E0CB16B2E0DB0608F0C5
S1133D007101D8015896ED91FC91599713964D90F5
S1133D105D906D907C901697B2E04B1A5108610843
S1133D207108058404C0440C551C661C771C0A9455
S1133D30D2F786859785A089B189480E591E6A1ED7
S1133D407B1EE114E2E0FE0609F042CF17CFC10169
S1133D508A199B0976018C159D0508F47C01D8010C
S1133D6013964D905D906D907C901697B2E04B1A2F
S1133D70510861087108EF81F885058404C0440C7A
S1133D80551C661C771C0A94D2F786859785A089F2
S1133D90B189480E591E6A1E7B1EE114F2E0FF062B
S1133DA009F03BCFEBCE28960FB6F894DEBF0FBEDA
S1133DB0CDBFDF91CF911F910F91FF90EF90DF90D6
S1133DC0CF90BF90AF909F908F907F906F905F90B7
S1133DD04F903F902F900895FB0101900020E9F748
S1133DE03197AF01461B570B0E94CF1C0895809159
S1133DF030078823A9F14091040350910503609191
S1133E0006037091070323E337E080913107909113
S1133E1032070E940714882329F140912C075091FE
S1133E202D0760912E0770912F07411551056105EB
S1133E30710591F023E337E08091310790913207C7
S1133E400E940714882381F010922C0710922D07EA
S1133E5010922E0710922F071092300781E00895D8
S1133E6081E0089580E0089580E00895CF92DF9284
S1133E70EF92FF92CF936B017C01C42F80910403D6
S1133E8090910503A0910603B09107038C159D053D
S1133E90AE05BF05C1F00E94F71E8823D9F023E3C5
S1133EA037E0B701A60180913107909132070E9453
S1133EB0C213882389F0C0920403D0920503E092D0
S1133EC00603F092070380913007C82BC093300794
S1133ED081E003C080E001C080E0CF91FF90EF90CB
S1133EE0DF90CF900895CF92DF92EF92FF926B0113
S1133EF07C010E94F71E8823B9F0E3E3F7E083E333
S1133F0099E01192E817F907E1F7C0920403D092FF
S1133F100503E0920603F092070380913007816065
S1133F208093300781E001C080E0FF90EF90DF9044
S1133F30CF9008958F929F92AF92BF92CF92DF92CB
S1133F40EF92FF920F931F93CF93DF93EC016A01DB
S1133F507B01890189859A85AB85BC850196A11D64
S1133F60B11D84179507A607B70708F45EC08B89AF
S1133F709C89AD89BE892F89203129F4452F562F7C
S1133F80672F772708C0689416F876956795579534
S1133F9047951694D1F74A015B01880E991EAA1E13
S1133FA0BB1EC501B4018090040390900503A0904A
S1133FB00603B0900703681579058A059B0529F067
S1133FC040E00E94361F882391F18F898031A1F44B
S1133FD0DD24EE24FF24C601880F991FFC01ED5C4B
S1133FE0F84F80819181A0E0B0E0F8018083918353
S1133FF0A283B38381E01CC0E894C7F8DD24EE24D7
S1134000FF24C601880F991F880F991FFC01ED5CDE
S1134010F84F80819181A281B381BF70F8018083C0
S11340209183A283B38381E003C080E001C080E078
S1134030DF91CF911F910F91FF90EF90DF90CF9080
S1134040BF90AF909F908F9008952F923F924F9280
S11340505F926F927F928F929F92AF92BF92CF9214
S1134060DF92EF92FF920F931F93CF93DF9300D0D1
S113407000D000D0CDB7DEB78C0149835A836B835F
S11340807C833E832D83C12CD12C7601412C512C71
S11340903201689451F80F2EF8EF2F2EF02D3324AF
S11340A03A9488248A940F2EFFE09F2EF02DA12CA1
S11340B0B12C49815A816B817C819E012F5F3F4FD6
S11340C0C8010E949A1F882361F1D301C201F8013B
S11340D0058404C0880F991FAA1FBB1F0A94D2F736
S11340E0C80ED91EEA1EFB1E49815A816B817C8150
S11340F08789803129F488EF9FEFAA2DBB2D04C056
S1134100822D932DA82DB92D481759076A077B07CF
S113411080F2ED81FE81C082D182E282F38281E06D
S113412001C080E026960FB6F894DEBF0FBECDBF67
S1134130DF91CF911F910F91FF90EF90DF90CF907F
S1134140BF90AF909F908F907F906F905F904F90B3
S11341503F902F9008954F925F926F927F928F922B
S11341609F92AF92BF92CF92DF92EF92FF920F9302
S11341701F93CF93DF93EC016A017B01480159013E
S1134180423051056105710508F476C049855A85A8
S11341906B857C854F5F5F4F6F4F7F4F4C155D057F
S11341A06E057F0508F46AC04B895C896D897E8938
S11341B08F89803129F44D2C5E2C6F2C77240AC012
S11341C026013701689416F87694679457944794B7
S11341D01694D1F7440E551E661E771E40910403B3
S11341E05091050360910603709107034416550628
S11341F06606770639F040E0C301B2010E94361F1B
S11342008823F1F18F89803161F4DD24EE24FF24C9
S1134210C601880F991FFC01ED5CF84F91828082E2
S113422011C0E894C7F8DD24EE24FF24C601880FEA
S1134230991F880F991FFC01ED5CF84F80829182D1
S1134240A282B382809130078160809330078A898B
S11342508230C0F08D819E81AF81B885480E591E91
S11342606A1E7B1E40922C0750922D0760922E07E7
S113427070922F0781E007C080E005C080E003C092
S113428080E001C081E0DF91CF911F910F91FF90F9
S1134290EF90DF90CF90BF90AF909F908F907F90E2
S11342A06F905F904F9008952F923F924F925F923C
S11342B06F927F928F929F92AF92BF92CF92DF9232
S11342C0EF92FF920F931F93CF93DF93CDB7DEB797
S11342D02F970FB6F894DEBF0FBECDBF1C014987E0
S11342E05A876B877C873E872D87F901808191816E
S11342F0A281B3810097A105B10549F02C013D01CC
S1134300FFEF4F1A5F0A6F0A7F0A1F8611C0D1019F
S11343104D905D906D907C90B1E0BF8729853A8582
S11343204B855C85213031054105510509F01F8617
S1134330F10181859285A385B4859C01AD012F5F30
S11343403F4F4F4F5F4F2D833E834F835887892BB9
S11343508A2B8B2B09F459C073016201812C912C97
S1134360540112E000E08D819E81AF81B8858C15E7
S11343709D05AE05BF0540F4C12ED02EE12CF12CD5
S1134380412E502E612C712C9E012F5F3F4FB7019F
S1134390A601C1010E949A1F8823B9F189819A81DB
S11343A0AB81BC81892B8A2B8B2B41F026013701F1
S11343B09FEF491A590A690A790A12C0D701C6013E
S11343C00196A11DB11D84199509A609B70929856E
S11343D03A854B855C8582179307A407B507B9F026
S11343E03FEF831A930AA30AB30A4FEFC41AD40AFD
S11343F0E40AF40AF10181859285A385B4858816BF
S11344009906AA06BB0608F4AECF80E057C00FEFAA
S11344101FEF2FEF3FE0B701A601C1010E94AB20BF
S1134420811112C04BC09701860148015901F1E086
S11344308F1A9108A108B108B501A401C1010E9415
S1134440AB20811107C035C04C145D046E047F0499
S113445050F308C0481459046A047B0418F4950105
S11344608401E3CFAD85BE854D915D916D917C91C5
S1134470411551056105710539F093018201C101AE
S11344800E94AB208823B9F0ED85FE8540825182DD
S113449062827382FF85FF2381F0D301C2010196FA
S11344A0A11DB11DF10180839183A283B38381E0B7
S11344B005C080E003C080E001C081E02F960FB604
S11344C0F894DEBF0FBECDBFDF91CF911F910F9146
S11344D0FF90EF90DF90CF90BF90AF909F908F9020
S11344E07F906F905F904F903F902F9008952F9200
S11344F03F924F925F926F927F928F929F92AF9270
S1134500BF92CF92DF92EF92FF920F931F93CF93BC
S1134510DF9300D000D0CDB7DEB75C016A017B0128
S113452082E090E0A0E0B0E0F50180839183A28373
S1134530B3830F2EF8EF6F2EF02D77247A9488240E
S11345408A940F2EFFE09F2EF02D0F2EF8EF2F2EC2
S1134550F02D33243A94412C512C9E012F5F3F4F70
S1134560B701A601C5010E949A1F882309F100E042
S113457010E09801B701A601C5010E94AB20882371
S1134580B9F0C980DA80EB80FC80F501878980313D
S113459029F4822D932DA42DB52D04C0862D972D9D
S11345A0A82DB92DC816D906EA06FB06B0F202C03A
S11345B080E001C081E00F900F900F900F90DF9189
S11345C0CF911F910F91FF90EF90DF90CF90BF900C
S11345D0AF909F908F907F906F905F904F903F909F
S11345E02F9008958F929F92AF92BF92CF92DF92B5
S11345F0EF92FF920F931F93CF93DF93EC01142F4D
S11346007093320760933107442351F1453008F029
S1134610FBC040E060E070E0CB010E94361F8823BD
S113462009F4F4C020E1129FF0011124EF51F74F77
S113463080818F7709F0ECC084859585A685B78540
S113464084369105A105B10508F4E4C0C084D18481
S1134650E284F384C114D104E104F10421F4DCC044
S1134660C12CD12C760140E0C701B6010E94361F4F
S1134670882309F4D3C080913E0790913F078115A8
S1134680924009F0CDC020914307222309F4CAC007
S11346908091410790914207892B09F4C5C040914C
S11346A04007442309F4C2C02A8B4C831D8650E082
S11346B021E030E006C081E0860F8D87683008F085
S11346C0B7C06D85E62FC901062E02C0880F991F59
S11346D00A94E2F74817590771F720914907309176
S11346E04A072115310519F040E050E008C0209137
S11346F05707309158074091590750915A072D8315
S11347003E834F8358878091410790914207460129
S11347105701880E991EA11CB11C8B8A9C8AAD8AF4
S1134720BE8A0091440710914507198F088FA09104
S11347304307B0E00E94985E860E971EA81EB91E1D
S11347408A8E9B8EAC8EBD8E000F111F0295129522
S1134750107F1027007F102701501E4FC801892F9A
S113476099278695880E991EA11CB11C8E869F865A
S1134770A88AB98A8091460790914707009719F053
S1134780A0E0B0E008C08091530790915407A09135
S11347905507B0915607C818D908EA08FB08C80E8F
S11347A0D91EEA1EFB1E04C0F694E794D794C7945E
S11347B0EA95D2F7C986DA86EB86FC8685EFC816B9
S11347C08FE0D806E104F10420F48CE08F8B81E0C3
S11347D030C025EFC2162FEFD206E104F10420F415
S11347E080E18F8B81E025C080915F079091600705
S11347F0A0916107B09162078A8F9B8FAC8FBD8FA8
S113480080E28F8B81E015C080E013C080E011C08E
S113481080E00FC080E00DC080E00BC080E009C0E4
S113482080E007C080E005C080E003C080E001C0F4
S113483080E0DF91CF911F910F91FF90EF90DF9077
S1134840CF90BF90AF909F908F9008952F923F92FA
S11348504F925F926F927F928F929F92AF92BF928C
S1134860CF92DF92EF92FF920F931F93CF93DF9338
S1134870CDB7DEB72E970FB6F894DEBF0FBECDBF0F
S11348809E878D878B011A016837710508F4CBC0A8
S113489080E090E00E94F55A69877A878B879C872D
S11348A038E72316310408F4CDC0B10180E090E06C
S11348B00E94F55A6D837E838F839887AD85BE856C
S11348C0D4966D917D918D919C91D7970E94F75AC2
S11348D06B017C01ED85FE85A6A0B7A020E030E049
S11348E0A9010E94555A882309F4BAC0B50180E091
S11348F090E00E94F55A9B01AC010E94495D2B0196
S11349003C01A7019601C701B6010E947C59698345
S11349107A838B839C8329853A854B855C85CA0180
S1134920B9010E94495D9B01AC01C301B2010E941F
S11349307B5929813A814B815C810E945C5A0E9497
S1134940425A0E94C45A4B015C012D813E814F8121
S11349505885CA01B9010E94495D9B01AC01C3019C
S1134960B2010E947B5929813A814B815C810E946A
S11349705C5A0E94325B0E94C45AAD85BE8554962F
S11349804D905D906D907C905797A30192012819EA
S113499039094A095B09261B370B480B590B298334
S11349A03A834B835C8357FD62C0F89495962C91AF
S11349B0959720FD53C0FD01808E918EA28EB38EFB
S11349C089819A81AB81BC81880D991DAA1DBB1D6B
S11349D0848F958FA68FB78F11A700A733A622A621
S11349E081E07894AD85BE8595969C9195979D7F41
S11349F095969C932E960FB6F894DEBF0FBECDBF4E
S1134A00DF91CF911F910F91FF90EF90DF90CF90A6
S1134A10BF90AF909F908F907F906F905F904F90DA
S1134A203F902F90089520E030E040EF52E4298732
S1134A303A874B875C8708E710E038E72316310490
S1134A4008F033CF80E090E0A0EFB2E48D839E8342
S1134A50AF83B88788E7282E312C30CF80E0C1CFD0
S1134A6060E070E0CB01812C912C540186CFD89664
S1134A708D909D90AD90BC90DB9720E030E0A90133
S1134A80C701B6010E94555A811113C060E070E05D
S1134A90CB014B015C01461657066806790614F4EF
S1134AA05301420119821A821B821C82AD85BE8584
S1134AB07CCF29853A854B855C85CA01B9010E9462
S1134AC0495D9B01AC01C501B4010E947B594B01B6
S1134AD05C012D813E814F815885CA01B9010E9434
S1134AE0495D9B01AC01C501B4010E947C594B0195
S1134AF05C0120E030E040E850E4C701B6010E94C8
S1134B00495D9B01AC01C501B4010E945C5A0E943D
S1134B10425A0E94C45A97FFBCCFB8CFCB010E941F
S1134B20F20708950E94350808950E943F080895E9
S1134B30AB0160E070E02AE00E94160C089522E0C8
S1134B400E94D70C08958DE00E9414088AE00E9408
S1134B50140808950E947D0D8DE00E9414088AE0D7
S1134B600E9414080895862F0E9414088DE00E9464
S1134B7014088AE00E9414080895AB01662757FDC3
S1134B806095762F0E94AC0C8DE00E9414088AE098
S1134B900E94140808950E94AC0C8DE00E94140831
S1134BA08AE00E94140808952AE00E94160C8DE001
S1134BB00E9414088AE00E94140808950E94700D4F
S1134BC08DE00E9414088AE00E941408089522E0EF
S1134BD00E94D70C8DE00E9414088AE00E941408F9
S1134BE008950E94920D8DE00E9414088AE00E94AC
S1134BF014080895FC0184810895FC0182850895B8
S1134C00FC0167817085818592850895FC01608926
S1134C10718982899389089521E0FC01828181113F
S1134C2001C020E0822F0895CF93DF931F92CDB768
S1134C30DEB741E050E0BE016F5F7F4F0E94541623
S1134C40019719F4898190E002C08FEF9FEF0F90D4
S1134C50DF91CF9108950E94601A08950E94AC1CC0
S1134C6008950F931F93CF93DF93EC018B0141E0E1
S1134C700E94F222811106C040E0B801CE010E94D8
S1134C80F22201C081E0DF91CF911F910F9108952D
S1134C90FC0184810895FC01618572858385948576
S1134CA00895FC0187890895CF92DF92EF92FF92D5
S1134CB062ED75E086E796E00E94920D81EB9DE03F
S1134CC00E94FD25823009F460C0833009F456C087
S1134CD0813009F44CC065EB75E086E796E00E94EC
S1134CE0920D61EA75E086E796E00E94920D83E9F1
S1134CF09DE00E945126482F50E060E070E02AE0D9
S1134D0030E086E796E00E94DE2583E99DE00E947C
S1134D104826C82ED12CE12CF12C83E99DE00E9479
S1134D204B269B01AC0199E0220F331F441F551FF2
S1134D309A95D1F7C701B6010E940F5E6B017C0101
S1134D406AE875E086E796E00E94920DB701A60135
S1134D5024E176956795579547952A95D1F786E787
S1134D6096E0FF90EF90DF90CF900C94D4256CECFC
S1134D7075E086E796E00E94920DB3CF6FEB75E085
S1134D8086E796E00E94920DACCF66EC75E086E76C
S1134D9096E00E94920DA5CFCF931092550D0E9AD6
S1134DA0169889E79DE00E940C26811155C060E0A9
S1134DB081EB9DE00E944612882309F444C061EB14
S1134DC07DE083E99DE00E9431268823A9F163E90F
S1134DD07DE089E79DE00E944315882309F441C0E2
S1134DE0C1E0C093550D0E9454268FE59DE00E94BA
S1134DF0051921E04EEB53E069E77DE08FE59DE086
S1134E000E94601A8823B1F01092570D1092580D29
S1134E101092590D10925A0D8FE59DE00E940626BE
S1134E2060935B0D70935C0D80935D0D90935E0DAC
S1134E30C093560DCF91089562EF75E086E796E032
S1134E40CF910C94920D67E076E086E796E00E949D
S1134E50920DCF910C94530889E79DE00E940519A7
S1134E60A6CF6FED75E086E796E0CF910C94920D96
S1134E70CF93DF9300D0CDB7DEB72091A11030914E
S1134E80A210CE012115310541F00196821B930B2E
S1134E900F900F90DF91CF910895865A90410F9013
S1134EA00F90DF91CF91089581E0089580930C03D2
S1134EB00895CF92DF92EF92FF920F931F93CF93B7
S1134EC0DF93C0919C100E948F080091C40D109133
S1134ED0C50D2091C60D3091C70DDC01CB01801B9F
S1134EE0910BA20BB30B89389341A105B105B0F026
S1134EF00E948F086093C40D7093C50D8093C60DF6
S1134F009093C70D8DE0C89FF0011124E057F94F2D
S1134F10868197819093C30D8093C20D8091C00DBB
S1134F209091C10D0197F9F40E948F080091BC0D76
S1134F301091BD0D2091BE0D3091BF0DDC01CB0150
S1134F40801B910BA20BB30B813E9E42A105B105C0
S1134F5050F01092CB0D1092CA0D81E090E0909326
S1134F60C90D8093C80D4091CA0D5091CB0D4130AD
S1134F70510509F06BC00C2F10E08DE0C89FF001C3
S1134F801124E057F94F268137818091C20D909109
S1134F90C30D281739070CF059C08DE0809FF0012C
S1134FA0819FF00D1124E057F94F84858F3F09F05C
S1134FB04DC00E948F086B017C018DE0809FE00151
S1134FC0819FD00D1124CA56D94F0FC068EC7DE0E3
S1134FD08AEC9DE00E949D0F288139818091C20D49
S1134FE09091C30D821793076CF00E948F08DC0127
S1134FF0CB018C199D09AE09BF0980319742A105E7
S1135000B10520F38091CA0D9091CB0D019709F061
S113501063C08DE0809FF001819FF00D1124E05763
S1135020F94F268137818091C20D9091C30D2817C5
S113503039070CF051C01092CB0D1092CA0D81E0CB
S113504090E09093C90D8093C80D46C06C2F70E01A
S11350508DE0C89FE0011124C057D94F2E813F81B4
S11350608091C20D9091C30D2817390729F58091BD
S1135070C00D9091C10D892B79F54130510561F531
S11350808DE0869FF001879FF00D1124E057F94FC2
S113509084858F3F09F581E090E09093C10D809362
S11350A0C00D0E948F086093BC0D7093BD0D80935A
S11350B0BE0D9093BF0D10C0821793076CF48091BE
S11350C0C00D9091C10D019739F44130510521F47F
S11350D01092C10D1092C00D68EC7DE08AEC9DE049
S11350E00E949D0FDF91CF911F910F91FF90EF9040
S11350F0DF90CF9008950E948F086093CC0D709339
S1135100CD0D8093CE0D9093CF0DE091D80DF0E0AE
S1135110E752F24F808181110CC062EE71E086E7A4
S113512096E00E94920D8DE00E9414088AE00E948D
S1135130140808950E944E0865EE71E086E796E033
S11351400E94920D40912D1050912E1060912F10BD
S1135150709130104F5F5F4F6F4F7F4F86E796E03F
S11351600E94AC0C8DE00E9414088AE00E9414088E
S11351700E947B280895BF92CF92DF92EF92FF9214
S11351800F931F93CF93DF9310E601E086E796E039
S11351900E949225882349F18091D60D863028F506
S11351A086E796E00E9495258093D50D8A3009F410
S11351B09DC08D3009F49AC08A3309F4A2C1E091EC
S11351C0D30DF091D40DEF35F1050CF096C081119B
S11351D0A6C11092D20D1092D40D1092D30D86E771
S11351E096E00E9492258111D7CF8091560D882395
S11351F009F472C08091D30D9091D40D892B09F0DC
S11352006BC0D0E6C1E040915B0D50915C0D6091A4
S11352105D0D70915E0D8091570D9091580DA09188
S1135220590DB0915A0D84179507A607B70708F0D2
S113523053C08091D60D863008F04EC08FE59DE0B6
S11352400E9414268093D50D9C0133273093530D6F
S11352502093520D8A3009F495C18D3009F492C11E
S11352608A3309F483C12091D30D3091D40D2F35A5
S113527031050CF087C18B3309F4EBC14091D20D99
S11352804111C1CF9091D70DA9014F5F5F4F50934A
S1135290D40D4093D30DF901D99FE00DF11D1124D4
S11352A0E152F24F8083AFCF67E372E086E796E086
S11352B00E94920D40912D1050912E1060912F104C
S11352C07091301086E796E00E94CB250E949A28C0
S11352D01092D40D1092D30DDF91CF911F910F91A5
S11352E0FF90EF90DF90CF90BF900895E091D30DA1
S11352F0F091D40D309709F433C1B090D70DEB2C55
S1135300F12C1E9D60011F9DD00C1124EC0DFD1D80
S1135310E152F24F1082F701E752F24F1082E60198
S1135320C152D24F6EE470E0CE010E9495610097A5
S113533009F4CDC09093D10D8093D00D8C1B9D0B9F
S11353408C0D9D1D4AE050E060E070E08052924F69
S11353500E94346060933110709332108093331044
S113536090933410C0902D10D0902E10E0902F10F8
S1135370F09030102FEFC21AD20AE20AF20A6C152A
S11353807D058E059F0509F4AFC0C090D70DD12CC3
S11353901C9D70011D9DF00C1124C7018152924F78
S11353A07C0167EC73E00E94A061892B09F437C18A
S11353B06AE270E0C7010E949561009709F474CF16
S11353C01C9D90011D9D300D1124F901E152F24FF5
S11353D040814A3209F4C1C050E0C0E05F5FC42795
S11353E0F901E50FF11DE152F24F40814A32B1F764
S11353F0D0E09093D10D8093D00D1C9D90011D9D04
S1135400300D11248E199F09280F391F60E070E0B8
S1135410C9018052924F0E94C35E0E94C45AC617AB
S1135420D70709F0F9C08091311090913210A09102
S11354303310B091341080932D1090932E10A093BC
S11354402F10B0933010D090D70DED2CF12C1E9D61
S1135450E0011F9DD00D1124C152D24F67E470E0CA
S1135460CE010E949561009701F19093D10D809334
S1135470D00D1E9D90011F9D300D11248C1B9D0B82
S1135480280F391F60E070E0C9018052924F0E94DA
S1135490C35E0E94C45A6430710528F48091540D8F
S11354A0882309F453C0D090D70D81E08D0D863048
S11354B0C1F08093D70D8091D60D8F5F8093D60D68
S11354C01092D20D1092D40D1092D30D5FCE6AE2D9
S11354D070E0CE010E949561892B09F0A3C0DB2CFA
S11354E0BDCF1092D70DE7CFC090D70DD12C1C9D06
S11354F070011D9DF00C1124C7018152924F7C0153
S113550057CF8091D20D882309F4F0CEE091D30DCA
S1135510F091D40DEF35F1050CF0EFCE37CE8B338F
S113552011F19091D20D911131CE9091D70D9F012F
S11355302F5F3F4F3093D40D2093D30D199FE00D6F
S1135540F11D1124E152F24F808320CE62E072E01B
S113555086E796E00E94920DA6CFC0E0D0E049CF46
S11355601092D20DB9CE0093D20D10CE8091D20DEF
S1135570882341F08091D30D9091D40D8F359105FE
S11355800CF441CE8FE59DE00E9400266093570DF8
S11355907093580D8093590D90935A0D00915B0DA3
S11355A010915C0D20915D0D30915E0D60177107B7
S11355B08207930728F5A091D30DB091D40D1097CD
S11355C079F28091D70DE82FF0E0D89FA00DB11D9E
S11355D01124A152B24F1C92E752F24FC083909112
S11355E0D60D9F5F9093D60D8F5F863091F0809398
S11355F0D70D1092D20D1092D40D1092D30D03CE6C
S11356001092560D6DEE71E086E796E00E94920DC1
S1135610D2CF1092D70DEDCF67E672E047CE6CE89B
S113562072E044CE67E072E086E796E00E94920D55
S113563040912D1050912E1060912F1070913010C8
S113564086E796E00E94CB251092D40D1092D30DDC
S113565043CEC093D20DD7CD8091D60D853010F4B2
S11356600E94BB280895AF92BF92CF92DF92EF922F
S1135670FF920F931F93CF93DF93D82F2091231082
S113568030912410409125105091261060911F10E4
S11356907091201080912110909122100E94845CBE
S11356A0C62F172F082FF92E209165103091661000
S11356B04091671050916810609175107091761048
S11356C080917710909178100E94775C18165CF4A2
S11356D0A0911303B091140320910E0330910F0392
S11356E00E947A5E08C0A0910E03B0910F0324E6D5
S11356F030E00E94915E0E94F75A20E030E84BEBC4
S113570055E40E945C5A5B016C01DF93FF920F9396
S11357101F93CF936894EE24E1F801E020E04FE179
S113572050E169E670E189E590E10E94CB0880913F
S1135730691090916A10A0916B10B0916C108093D5
S1135740591090935A10A0935B10B0935C10809101
S11357506D1090916E10A0916F10B09170108093A5
S11357605D1090935E10A0935F10B09360108091D1
S1135770711090917210A0917310B0917410809375
S1135780611090936210A0936310B09364108091A1
S1135790751090917610A0917710B0917810809345
S11357A0651090936610A0936710B09368100F90E3
S11357B00F900F900F900F90DF91CF911F910F9149
S11357C0FF90EF90DF90CF90BF90AF9008950F932C
S11357D01F930E948F0800914A0D10914B0D209148
S11357E04C0D30914D0DDC01CB01801B910BA20BB4
S11357F0B30B843C9940A105B105D0F10E948F08F8
S113580060934A0D70934B0D80934C0D90934D0D06
S113581086B1806E8F3F51F00E948F0860934E0DC9
S113582070934F0D8093500D9093510D0E948F08EB
S113583000914E0D10914F0D2091500D3091510D4E
S1135840AB01BC01401B510B620B730B40365A4E2B
S11358506105710520F4012B022B032B29F480E050
S113586090E080938A0004C08FEF90E080938A00D8
S11358701F910F9108950F931F9380912407909186
S11358802507A0912607B0912707892B8A2B8B2BFC
S113589009F039C08091200790912107A091220737
S11358A0B0912307892B8A2B8B2B09F05FC0F894C6
S11358B0E0918609F0918709789480918809909104
S11358C0890920E0E817F907D1F034A1232B0190CE
S11358D0F081E02D8E179F07C1F7922F9072822FCF
S11358E0807424FF0EC0911101C05E9A811101C021
S11358F05F9A27FD01C0459A1F910F91089580E09A
S113590090E05D9AF0CF0E948F080091CC0D109129
S1135910CD0D2091CE0D3091CF0D601B710B820BFC
S1135920930B0091240710912507209126073091AD
S11359302707061717072807390708F0ABCF109277
S113594093061092920680E090E080939A00109261
S11359508406109283068093980088B18F6188B979
S1135960809172008D7F8093720094CF0E948F0883
S11359700091CC0D1091CD0D2091CE0D3091CF0D15
S1135980601B710B820B930B009120071091210770
S11359902091220730912307061717072807390794
S11359A008F085CF88B18F6188B9809172008D7FAE
S11359B0809372007CCF2F923F924F925F926F92AE
S11359C07F928F929F92AF92BF92CF92DF92EF928B
S11359D0FF920F931F93CF93DF9300D000D000D09A
S11359E0CDB7DEB780918509833008F4D0C0F89430
S11359F00091860910918709789420908809309045
S1135A008909F1010280F381E02DFE83ED83A2A4D4
S1135A10B3A4B50180E090E00E94F55A6B017C01CB
S1135A208D819E810817190769F406C1C4A6D5A6FD
S1135A30E6A6F7A6828193819E838D8308171907B2
S1135A4009F4F4C0A7019601C701B6010E94495D9B
S1135A50ED81FE8120AD31AD42AD53AD0E947C5944
S1135A600E94B65D0E94425A0E94C95A0E94F55A89
S1135A709B01AC01ED81FE8160A971A982A993A962
S1135A800E94455B6B017C019B01AC01ED81FE81B1
S1135A9064A575A586A597A50E94555AED81FE813A
S1135AA08111C4CFE2A4F3A460A571A580E090E0C5
S1135AB00E94F55A4B015C01ED81FE811AC0ED8113
S1135AC0FE8185A1FFEFF0FB81F9ED81FE8185A3C5
S1135AD081FD76C0F80185A1FFEFF0FB81F9F801A3
S1135AE085A342015301F801E2A4F3A41E830D83AC
S1135AF0F801008111812016310609F473C0940164
S1135B00A501B401C5010E94495DED81FE8120AD6E
S1135B1031AD42AD53AD0E947C590E94B65D0E94E6
S1135B20425A0E94C95A0E94F55A9B01AC01ED8168
S1135B30FE8166A177A180E090E029833A834B83BC
S1135B405C830E94F55A29813A814B815C810E94D1
S1135B50455BF80124A535A546A557A50E94455BDC
S1135B602B013C01B70180E090E00E94F55A9201BC
S1135B70A3010E94555A8111A2CFF80160A571A515
S1135B8080E090E00E94F55A4B015C01ACCF269670
S1135B900FB6F894DEBF0FBECDBFDF91CF911F913A
S1135BA00F91FF90EF90DF90CF90BF90AF909F90B8
S1135BB08F907F906F905F904F903F902F900895BB
S1135BC0B201C3010E94C95A6B017C01B401C50131
S1135BD00E94C95AA6018D819E810E942624882391
S1135BE061F278CF85A181FFD2CFB401C5010E94B3
S1135BF0C95AA7018D819E8126960FB6F894DEBFFF
S1135C000FBECDBFDF91CF911F910F91FF90EF9009
S1135C10DF90CF90BF90AF909F908F907F906F90C8
S1135C205F904F903F902F900C942624FC01E2A4A7
S1135C30F3A4ED81FE8138CF7501ED81FE8134CF6F
S1135C40CF93DF93EAE8F9E0A6ECB9E0B183A0834F
S1135C50F093C909E093C809C2E0DAE01196DC9335
S1135C60CE93B093050AA093040AAEE3BAE0B983D5
S1135C70A883D093410AC093400ACAE7DAE0119698
S1135C80DC93CE93B0937D0AA0937C0AA6EBBAE092
S1135C90B983A883D093B90AC093B80AC2EFDAE0F3
S1135CA01196DC93CE93B093F50AA093F40AAEE276
S1135CB0BBE0B983A883D093310BC093300BCAE601
S1135CC0DBE01196DC93CE93B0936D0BA0936C0B39
S1135CD0A6EABBE0B983A883D093A90BC093A80B11
S1135CE0C2EEDBE01196DC93CE93B093E50BA09368
S1135CF0E40BAEE1BCE0B983A883D093210CC0933C
S1135D00200CCAE5DCE01196DC93CE93B0935D0CD5
S1135D10A0935C0CA6E9BCE0B983A883D093990C4A
S1135D20C093980CC2EDDCE01196DC93CE93B09353
S1135D30D50CA093D40CAEE0BDE0B983A883D09376
S1135D40110DC093100D1196FC93EE93B0938D0931
S1135D50A0938C09F0938909E0938809F09387094B
S1135D60E0938609109285091092750910927609BC
S1135D7010927709109278091092790910927A0991
S1135D8010927B0910927C0910927D0910927E0971
S1135D9010927F0910928009109281091092820951
S1135DA01092830910928409109265091092660971
S1135DB010926709109268091092690910926A0991
S1135DC010926B0910926C0910926D0910926E0971
S1135DD010926F0910927009109271091092720951
S1135DE01092730910927409109261091092620959
S1135DF01092630910926409DF91CF9108952F9254
S1135E003F924F925F926F927F928F929F92AF9246
S1135E10BF92CF92DF92EF92FF920F931F93CF9393
S1135E20DF93CDB7DEB7CB56D1090FB6F894DEBFFA
S1135E300FBECDBF29013A01E9A2FAA20BA31CA30C
S1135E40C058DF4F0881C058D040CF57DF4F28815A
S1135E50C158D0402DAFCE57DF4F3881C258D04003
S1135E603DA7CD57DF4F4881C358D04026964FAF4A
S1135E702697209185092F3001F5A9966FAFA99730
S1135E80AA967FAFAA97AB968FAFAB97AC969FAF0E
S1135E90AC970E9459270E943B2C20918509A99612
S1135EA06FADA997AA967FADAA97AB968FADAB9726
S1135EB0AC969FADAC972F3001F328B1207E28B962
S1135EC0209172002260209372002091AE063091DE
S1135ED0AF064091B0065091B1060E94495D0E9400
S1135EE0195D65966CAF7DAF8EAF9FAF65972091BE
S1135EF0B2063091B3064091B4065091B506C30181
S1135F00B2010E94495D0E94195D69966CAF7DAF34
S1135F108EAF9FAF69972091B6063091B706409136
S1135F20B8065091B90669A17AA18BA19CA10E94DF
S1135F30495D0E94195D6D966CAF7DAF8EAF9FAFCA
S1135F406D972091BA063091BB064091BC065091E2
S1135F50BD06C601B5010E94495D0E94195DA19666
S1135F606CAF7DAF8EAF9FAFA19720908809309022
S1135F708909D10195968C9195978E7F95968C93EE
S1135F80959794961C928091750990917609A091A9
S1135F907709B091780965968CAC9DACAEACBFAC7A
S1135FA06597881A990AAA0ABB0A89A69AA6ABA673
S1135FB0BCA6B7FC68C649A45AA46BA47CA4D101AE
S1135FC014964D925D926D927C92179745284628BF
S1135FD0472809F030C620E210E0809179099091B9
S1135FE07A09A0917B09B0917C0969964CAC5DACAF
S1135FF06EAC7FAC6997481A590A6A0A7B0A4DA2AB
S11360005EA26FA278A649A25AA26BA27CA277FCD8
S11360102DC6D10118964D925D926D927C921B977C
S113602045284628472821F094962C935E98122FF1
S113603080917D0990917E09A0917F09B09180099A
S11360406D96CCACDDACEEACFFAC6D97C81AD90A3A
S1136050EA0AFB0ACDAADEAAEFAAF8AEF7FCFAC553
S11360604DA85EA86FA878ACD1011C964D925D92A4
S11360706D927C921F9745284628472821F010648A
S113608094961C935F988091810990918209A091C4
S11360908309B0918409A1964CAC5DAC6EAC7FAC25
S11360A0A197481A590A6A0A7B0A49AE5AAE6BAEDE
S11360B07CAEA301920177FCC5C5D10150962D9306
S11360C03D934D935C93539721153105410551053B
S11360D021F0106894961C934598A0911103B091F7
S11360E012030E94A35E24E630E040E050E00E94E8
S11360F0555E29AB3AAB4BAB5CABF101208B318BDA
S1136100428B538B59A14AA13BA12CA149A05AA06F
S11361106BA07CA069A57AA58BA59CA546165706FD
S11361206806790624F459A54AA53BA52CA5852F14
S1136130942FA32FB22F4DA85EA86FA878AC841516
S11361409505A605B70514F4D301C2012C013D0140
S113615029A93AA94BA95CA982179307A407B507F3
S113616014F429013A01D10154964D925D926D9235
S11361707C925797B6E04B165104610471040CF4F9
S113618040C5B7FCDDC52DA13EA14FA158A557FDC3
S1136190E0C5F7FCE4C529AD3AAD4BAD5CAD57FDA8
S11361A0E7C580915F0981117AC51091CA064091B3
S11361B0CB063091CC062091CD06812F942FA32FAE
S11361C0B22F8093080390930903A0930A03B0931A
S11361D00B032A964FAF2A972E963FAF2E97A6967B
S11361E02FAFA69729A93AA94BA95CA9232B242B45
S11361F0252B09F071C53091EA0622963FAF22970C
S11362004091EB06A2964FAFA2975091EC06A79649
S11362105FAFA7976091ED06A8966FAFA897202F60
S11362203DAD4DA526965FAD269722966FAD22977C
S1136230A2967FADA297A7968FADA797A8969FAD7C
S1136240A8970E94775C18168CF422960FAD2297BB
S1136250A2962FADA2972DAFA7963FADA7973DA7C6
S1136260A8964FADA89726964FAF2697C501B401BF
S11362700E94F75A20913D1030913E1040913F10FA
S1136280509140100E94495D25966CAF7DAF8EAF52
S11362909FAF2597698B7A8B8B8B9C8B6DA17EA18D
S11362A08FA198A50E94F75A209141103091421075
S11362B040914310509144100E94495D4B015C0190
S11362C06D8B7E8B8F8B988FC701B6010E94F75A16
S11362D0209145103091461040914710509148103C
S11362E00E94495D6B017C01698F7A8F8B8F9C8F33
S11362F069AD7AAD8BAD9CAD0E94F75A20914910DF
S113630030914A1040914B1050914C100E94495DBD
S1136310A5966CAF7DAF8EAF9FAFA59769A57AA503
S11363208BA59CA566307105810591050CF040C5CF
S113633089A19AA1ABA1BCA10697A105B1050CF056
S113634037C52DA93EA94FA958AD263031054105C1
S113635051050CF02DC5A596CCACDDACEEACFFAC74
S1136360A597E894F7F8A701960160E070E080E84B
S11363709FE30E945C5A25966CAF7DAF8EAF9FAFB2
S113638025979B01AC01602F7DAD8DA526969FAD11
S113639026970E94495D6DA37EA38FA398A79B01B6
S11363A0AC01C701B6010E94495D69AF7AAF8BAFFA
S11363B09CAFC301B2010E94F75A21966CAF7DAF26
S11363C08EAF9FAF21972DA13EA14FA158A50E944A
S11363D0495D0E94425A0E94C95A6DA77EA78FA7A1
S11363E098AB0E94F55A29966CAF7DAF8EAF9FAFE4
S11363F029979B01AC0160E070E68AEE96E40E9466
S11364005C5A9B01AC0160E070E080E89FE30E946D
S1136410455B6B017C0129893A894B895C896DA1B3
S11364207EA18FA198A50E94495D69837A838B839D
S11364309C832B013C01E89477F88090BE069090F1
S1136440BF06A090C006B090C106A5019401C30187
S1136450B2010E94775C181674F4A3019201C5017D
S1136460B4010E945C5A9B01AC01C701B6010E94B1
S1136470455B6B017C012D893E894F89588D6DA147
S11364807EA18FA198A50E94495D6D837E838F8331
S113649098872B013C01E89477F88090C20690908D
S11364A0C306A090C406B090C506A5019401C3011B
S11364B0B2010E94775C181674F4A3019201C5011D
S11364C0B4010E945C5A9B01AC01C701B6010E9451
S11364D0455B6B017C01298D3A8D4B8D5C8D6DA1E3
S11364E07EA18FA198A50E94495D69877A878B87D1
S11364F09C872B013C01E89477F88090C606909025
S1136500C706A090C806B090C906A5019401C301AE
S1136510B2010E94775C181674F4A3019201C501BC
S1136520B4010E945C5A9B01AC01C701B6010E94F0
S1136530455B6B017C012DA13EA14FA158A5A596F9
S11365406CAD7DAD8EAD9FADA5970E94495D4B01AD
S11365505C016D877E878F87988B2B013C01E894C3
S113656077F8212F2A963FAD2A972E964FAD2E9776
S1136570A6965FADA697C301B2010E94775C181678
S1136580B4F4A3019201612F2A967FAD2A972E9627
S11365908FAD2E97A6969FADA6970E945C5A9B013D
S11365A0AC01C701B6010E94455B6B017C014090C0
S11365B085092A964FAE2A9720E030E040E85FE351
S11365C0C701B6010E94555A87FD01C5EDA5FEA578
S11365D0D1019796FC93EE93969721962CAD3DAD01
S11365E04EAD5FAD219760E070E080E89FE30E94CC
S11365F05C5A2B013C0169A57AA58BA59CA50E9438
S1136600F75AA30192010E94495D4B015C0169A103
S11366107AA18BA19CA10E94F75AA30192010E9426
S1136620495D6DA37EA38FA398A76DA97EA98FA9A9
S113663098AD0E94F75AA30192010E94495D6DA78B
S11366407EA78FA798AB69A97AA98BA99CA90E9458
S1136650F75AA30192010E94495D69AB7AAB8BABF7
S11366609CAB21962CAD3DAD4EAD5FAD21972596EB
S11366706CAD7DAD8EAD9FAD25970E94495D49A45B
S11366805AA46BA47CA445284628472809F0B9C31A
S113669049A05AA06BA07CA045284628472809F0A9
S11366A0B0C34DA85EA86FA878AC452846284728F3
S11366B009F0A7C32091E2063091E3064091E40675
S11366C05091E5060E94495D0E94425A0E94C45AB4
S11366D0D101D4966D937D938D939C93D7970E940B
S11366E0F75A2B013C012DEB37E346E051E4C3019B
S11366F0B2010E94495D0E94C45AD10190966D93E3
S11367007D938D939C9393972091F2063091F30699
S11367104091F4065091F5062DA33EA34FA358A72C
S113672020E030E040E05FE36DA17EA18FA198A559
S11367300E94495D6B017C0149855A856B857C8586
S113674049A35AA36BA37CA36091F6067091F70644
S11367508091F8069091F90621966CAF7DAF8EAFCB
S11367609FAF219720E030E040E05FE30E94495D65
S11367704B015C0169A17AA18BA19CA19F77A50122
S113678094010E94775C181644F4A5019401C70192
S1136790B6010E94455B6B017C018D859E85AF85AA
S11367A0B88989A79AA7ABA7BCA72091FA0630910C
S11367B0FB064091FC065091FD062DA73EA74FA76E
S11367C058AB20E030E040E05FE36DA57EA58FA5E7
S11367D098A90E94495D4B015C0169A57AA58BA526
S11367E09CA59F77A50194010E94775C181644F438
S11367F0A5019401C701B6010E94455B6B017C01B0
S113680080916009813009F4D8C329AD3AAD4BAD0C
S11368105CADC701B6010E94455B162F072F8DABF7
S113682099AB2A963FAD2A97323008F4A9C3209138
S1136830610930916209409163095091640961963C
S11368402CAF3DAF4EAF5FAF619727E137EB41ED22
S113685058E361966CAD7DAD8EAD9FAD61970E949E
S1136860775C18160CF08CC329813A814B815C81CA
S113687025962CAF3DAF4EAF5FAF259720916509AC
S113688030916609409167095091680925966CAD6D
S11368907DAD8EAD9FAD25970E947B590E94F45D1E
S11368A06B017C014D815E816F8178852D964CAFA3
S11368B05DAF6EAF7FAF2D972091690930916A0962
S11368C040916B0950916C092D966CAD7DAD8EADE8
S11368D09FAD2D970E947B590E94F45D9B01AC01F2
S11368E0C701B6010E947C590E94B65D6B017C0110
S11368F09B01AC016DA17EA18FA198A50E94555A60
S113690087FFB8C3A70196016DA17EA18FA198A5A9
S11369100E945C5A6B017C0120916D0930916E09D3
S113692040916F095091700969A17AA18BA19CA132
S11369300E947B594B015C01E894B7F8A5019401CE
S113694021966CAD7DAD8EAD9FAD21970E94555AB9
S113695087FF12C0A501940121966CAD7DAD8EAD6B
S11369609FAD21970E945C5A9B01AC01C701B601FF
S11369700E94455B6B017C01209171093091720981
S1136980409173095091740969A57AA58BA59CA5BA
S11369900E947B594B015C01E894B7F8A50194016E
S11369A06DA57EA58FA598A90E94555A87FF10C092
S11369B0A50194016DA57EA58FA598A90E945C5A96
S11369C09B01AC01C701B6010E94455B6B017C01D0
S11369D0A701960169AD7AAD8BAD9CAD0E94495D6E
S11369E09B01AC0161966CAD7DAD8EAD9FAD6197A1
S11369F00E94455B6DA37DAF8DA72E969FAF2E970A
S1136A0029AD3AAD4BAD5CAD29966CAD7DAD8EAD87
S1136A109FAD29970E945C5A6B017C019B01AC01DC
S1136A20612F702F8DA999A90E94495D0E94425A35
S1136A304B015C012DA13DAD4DA52E965FAD2E976A
S1136A40C701B6010E94495D0E94425AD101D09605
S1136A506D937D938D939C93D397A3019201C3016E
S1136A60B2010E947C596B017C01F1016489758932
S1136A70868997890E94F75A9B01AC01C701B60128
S1136A800E94495DD101D8966D937D938D939C931B
S1136A90DB9725964CAC5DAC6EAC7FAC25974092F1
S1136AA065095092660960926709709268092D968B
S1136AB04CAC5DAC6EAC7FAC2D97409269095092A2
S1136AC06A0960926B0970926C0949A05AA06BA084
S1136AD07CA040926D0950926E0960926F09709289
S1136AE0700949A45AA46BA47CA4409271095092E1
S1136AF07209609273097092740949AC5AAC6BAC18
S1136B007CAC409261095092620960926309709270
S1136B10640995968C91959755245A9450FA81F965
S1136B2095968C9381FF0CC0C501B4010E94C95A8B
S1136B30AB01C1010E942624209088093090890964
S1136B40D1018D919C919093890980938809F8943F
S1136B50809185098F5F80938509789465964CAC04
S1136B605DAC6EAC7FAC6597409275095092760926
S1136B70609277097092780969964CAC5DAC6EAC02
S1136B807FAC69974092790950927A0960927B09A7
S1136B9070927C096D964CAC5DAC6EAC7FAC6D971D
S1136BA040927D0950927E0960927F09709280091B
S1136BB0A1964CAC5DAC6EAC7FACA19740928109C0
S1136BC0509282096092830970928409C559DF4FFB
S1136BD00FB6F894DEBF0FBECDBFDF91CF911F91EA
S1136BE00F91FF90EF90DF90CF90BF90AF909F9068
S1136BF08F907F906F905F904F903F902F900C9468
S1136C00DB2CC559DF4F0FB6F894DEBF0FBECDBFE6
S1136C10DF91CF911F910F91FF90EF90DF90CF9074
S1136C20BF90AF909F908F907F906F905F904F90A8
S1136C303F902F90089580E1F10184A35D9820E3B3
S1136C4010E1CBC950954095309521953F4F4F4F5A
S1136C505F4F33CA4424552432014C185D086E0832
S1136C607F084DAA5EAA6FAA78AEFAC970946094A0
S1136C7050944094411C511C611C711C49A25AA29D
S1136C806BA27CA2C6C94424552432014818590871
S1136C906A087B0849A65AA66BA67CA68CC929A9B2
S1136CA03AA94BA95CA912161306140615060CF092
S1136CB0E8C110925F0910910803609109032A96B4
S1136CC06FAF2A9770910A032E967FAF2E9780910B
S1136CD00B03A6968FAFA6977091E60622967FAF18
S1136CE022978091E706A2968FAFA2979091E8062B
S1136CF0A7969FAFA797A091E906A896AFAFA897CC
S1136D00272F382F492F5A2F602F7DAD8DA526961A
S1136D109FAD26970E94555A87FFA8CA22960FADA9
S1136D202297A296BFADA297BDAFA796EFADA79746
S1136D30EDA7A896FFADA8972696FFAF269796CA0B
S1136D401160F10114A32DA13EA14FA158A557FF35
S1136D5020CA1260D10194961C93F7FE1CCA1460D9
S1136D60F10114A329AD3AAD4BAD5CAD57FF19CA7F
S1136D701860D10194961C9380E090E0A8ECB2E4F2
S1136D808093080390930903A0930A03B0930B0321
S1136D9081E080935F0910E02A961FAE2A97B8EC31
S1136DA02E96BFAF2E97E2E4A696EFAFA6971ACA27
S1136DB025966CAD7DAD8EAD9FAD25970E94F45D9B
S1136DC06DA37EA38FA398A7C501B4010E94F45DAF
S1136DD09B01AC016DA17EA18FA198A50E947C5955
S1136DE04B015C01C701B6010E94F45D9B01AC013B
S1136DF0C501B4010E947C590E94B65D6B017C01FF
S1136E00B2CA2091DE063091DF064091E00650912F
S1136E10E1060E94495D0E94425A0E94C45AF1014F
S1136E2064AB75AB86AB97AB0E94F75A2B013C0160
S1136E30C0908C10D0908D10E0908E10F0908F1038
S1136E409B01AC01C501B4010E94495D4B015C0189
S1136E50C701B6010E94F55A9B01AC01C501B401FA
S1136E600E94775C18166CF4D101D496CD92DD9211
S1136E70ED92FC92D797C701B6010E94F75A2B01F5
S1136E803C018090901090909110A0909210B0903E
S1136E909310A30192016DA17EA18FA198A50E94D8
S1136EA0495D6B017C01C501B4010E94F55A9B0147
S1136EB0AC01C701B6010E94775C18165CF4F101BD
S1136EC084AA95AAA6AAB7AAC501B4010E94F75A32
S1136ED02B013C01C0909810D0909910E0909A102A
S1136EE0F0909B10A301920169A97AA98BA99CA98E
S1136EF00E94495D4B015C01C701B6010E94F55A2D
S1136F009B01AC01C501B4010E94775C18166CF4B6
S1136F10D101D496CD92DD92ED92FC92D797C70120
S1136F20B6010E94F75A2B013C01C0909410D090F6
S1136F309510E0909610F0909710A30192016DA522
S1136F407EA58FA598A90E94495D4B015C01C701EC
S1136F50B6010E94F55A9B01AC01C501B4010E941F
S1136F60775C18160CF0BFCBF101C4AAD5AAE6AA27
S1136F70F7AAC701B6010E94F75A2B013C01B3CB13
S1136F8049815A816B817C8125964CAF5DAF6EAF90
S1136F907FAF25976D817E818F8198852D966CAF0B
S1136FA07DAF8EAF9FAF2D971DA30DAF7DA97DA79C
S1136FB089A92E968FAF2E9723CD109260094DECA0
S1136FC0C42E4CECD42EED2C4DE3F42E1ECCA70194
S1136FD0960169817A818B819C810E94495D6983D4
S1136FE07A838B839C83A70196016D817E818F8137
S1136FF098850E94495D6D837E838F839887A7015E
S1137000960169857A858B859C850E94495D69878F
S11370107A878B879C87A5019401C701B6010E94DA
S1137020495D6D877E878F87988BA701960169AD2F
S11370307AAD8BAD9CAD0E94495D69AF7AAF8BAFE1
S11370409CAF29962CAD3DAD4EAD5FAD2997C701E0
S1137050B6010E94495D0E94C95A6DA77EA78FA7F9
S113706098AB0E94F55A29966CAF7DAF8EAF9FAF57
S11370702997ACCAC12CD12C30E8E32E3FE3F32E80
S11370804BCC10910803309109032A963FAF2A97FD
S113709040910A032E964FAF2E9750910B03A6965C
S11370A05FAFA6979FC84F925F926F927F92AF9205
S11370B0BF92CF92DF92EF92FF920F931F93CF93E1
S11370C0DF93CDB7DEB72C970FB6F894DEBF0FBEB3
S11370D0CDBF80912B10882309F4A4C08091711036
S11370E090917210A0917310B091741089839A8357
S11370F0AB83BC8340906D1050906E1060906F1005
S113710070907010A0907510B0907610C0907710A9
S1137110D0907810209165103091661040916710DE
S113712050916810C601B5010E94775C18160CF0E6
S1137130DDC020910E0330910F03A0911303B09191
S113714014030E947A5E6D837E838F8398870091F7
S11371509C1010E0000F111F000F111F000F111FD2
S11371600655194FF801E659FF4F208131814281BC
S11371705381C301B2010E947B5969877A878B8747
S11371809C87F801EA59FF4F208131814281538164
S11371906091691070916A1080916B1090916C10DD
S11371A00E947B592B013C016D817E818F819885E2
S11371B00E94F75A20E030E84BEB55E40E945C5AF9
S11371C09F938F937F936F93E980FA800B811C8147
S11371D029853A854B855C85C301B2010E94FF2E47
S11371E080E1E9E6F0E1A9E5B0E101900D928A952C
S11371F0E1F70F900F900F900F902C960FB6F89424
S1137200DEBF0FBECDBFDF91CF911F910F91FF90D5
S1137210EF90DF90CF90BF90AF907F906F905F9092
S11372204F90089520E030E048E453E46091691001
S113723070916A1080916B1090916C100E94775C31
S1137240181664F480E090E0A8E4B3E48093691035
S113725090936A10A0936B10B0936C1040906D10D3
S113726050906E1060906F107090701020E030E0BD
S113727048E453E4C301B2010E94775C181674F425
S113728080E090E0A8E4B3E480936D1090936E10D6
S1137290A0936F10B09370102C013D018091711078
S11372A090917210A0917310B091741089839A8395
S11372B0AB83BC8320E030E046E653E4BC01CD015F
S11372C00E94775C18160CF01DCF80E090E0A6E6D3
S11372D0B3E48093711090937210A0937310B093E1
S11372E0741089839A83AB83BC830CCFA0910E0363
S11372F0B0910F0324E630E00E94915E6D837E839B
S11373008F83988724CF4F925F926F927F92AF9230
S1137310BF92CF92DF92EF92FF920F931F93CF937E
S1137320DF9300D000D0CDB7DEB729013A01E9825E
S1137330FA820B831C832091AE063091AF064091F4
S1137340B0065091B1060E94495D0E94195D609398
S11373507509709376098093770990937809209141
S1137360B2063091B3064091B4065091B506C301FC
S1137370B2010E94495D0E94195D6093790970937E
S11373807A0980937B0990937C092091B606309109
S1137390B7064091B8065091B906C801B7010E94DA
S11373A0495D0E94195D60937D0970937E09809305
S11373B07F09909380092091BA063091BB064091D1
S11373C0BC065091BD06C601B5010E94495D0E94EC
S11373D0195D609381097093820980938309909366
S11373E0840910923C1010923B1010923A101092A3
S11373F039101092381010923710109261091092BF
S1137400620910926309109264091092650910923E
S1137410660910926709109268091092690910921E
S11374206A0910926B0910926C0910926D091092FE
S11374306E0910926F0910927009109271091092DE
S11374407209109273091092740981E080936009A3
S11374500F900F900F900F90DF91CF911F910F918C
S1137460FF90EF90DF90CF90BF90AF907F906F90A0
S11374705F904F9008951F920F920FB60F921124B0
S11374800BB60F922F923F924F925F926F927F9220
S11374908F929F92AF92BF92CF92DF92EF92FF9220
S11374A00F931F932F933F934F935F936F937F9308
S11374B08F939F93AF93BF93EF93FF93CF93DF93F8
S11374C0CDB7DEB76A97DEBFCDBFE0915D09F0911D
S11374D05E09309709F05FC180918509882309F41A
S11374E04DC1009186091091870910935E0900939C
S11374F05D090115110509F441C11092400910926A
S113750041091092420910924309D80196968D912F
S11375109C9197978133B5E79B0710F080E395E73B
S113752021E020933B098131E7E29E0738F09695EC
S11375308795220F8131F7E29F07C8F780329105C2
S113754008F18097811528E09207F0F0292F33275E
S1137550220F331F220F331F2A5E354FF901329653
S113756065917491AA27879FA001869F410D5A1F98
S1137570000C4A1F5A1F1124F90185919491841B10
S1137580950B24C080E090E09C01369527952C7FD4
S11375902A5E394FF901459154912E5F3F4FF9010D
S11375A02591349187709927829FB001839F700D34
S11375B0929F700D1124CB0196958795969587958A
S11375C096958795DA01A81BB90BCD0184369105F0
S11375D010F484E690E090933A0980933909F80115
S11375E030A521A530933E0920933F09832F922F84
S11375F08133F5E79F0710F080E395E721E02093BE
S11376003B09813127E2920750F021E09695879556
S1137610220F813137E29307C8F720933B09803268
S1137620910508F18097811548E09407F0F0292F1F
S11376303327220F331F220F331F2A5E354FF901E0
S1137640329665917491AA27879FA001869F410D68
S11376505A1F000C4A1F5A1F1124F9012591349115
S1137660241B350B22C080E090E0AC015695479571
S11376704C7F4A5E594FFA01259134914E5F5F4F1A
S1137680FA014591549187709927849FB001859F91
S1137690700D949F700D1124CB0196958795969546
S11376A0879596958795281B390B2436310510F458
S11376B024E630E0C901A0E0B0E08093440990934F
S11376C04509A0934609B09347093093A900209334
S11376D0A800E0915D09F0915E0984899589A689E5
S11376E0B789B595A79597958795B095A0959095E9
S11376F081959F4FAF4FBF4F80935809909359097D
S1137700A0935A09B0935B09809354099093550947
S1137710A0935609B0935709809350099093510947
S1137720A0935209B093530980934C0990934D0947
S1137730A0934E09B0934F09109248091092490939
S113774010924A0910924B0984A180935C0980FF2E
S113775002C0589801C0589A81FF02C0599801C0CC
S1137760599A82FF02C0729801C0729A83FF03C0C3
S11377702F985C9809C02F9A5C9A06C080ED97E018
S11377809093A9008093A800E0915D09F0915E09AF
S1137790309709F488C480915C0980FF2DC082B3BE
S11377A08095282F217080FF22C08091350988237D
S11377B0F1F084819581A681B781181619061A06FD
S11377C01B06ACF480912B10811104C081E08093DE
S11377D038090FC084899589A689B7898093480997
S11377E090934909A0934A09B0934B0902C010929F
S11377F038092093350902C01092380980915C0938
S113780081FF03C01092370930C022B3269521703E
S113781081E0282731F180913409882311F1E09126
S11378205D09F0915E0980859185A285B38518165E
S113783019061A061B06ACF480912B10811104C0A2
S113784081E0809337090FC084899589A689B78917
S11378508093480990934909A0934A09B0934B092E
S113786002C0109237092093340980915C0982FF89
S113787032C022B322FB222720F981E0282731F1EC
S113788080913309882311F1E0915D09F0915E093B
S113789084859585A685B785181619061A061B06CC
S11378A0ACF480912B10811104C081E080933609DF
S11378B00FC084899589A689B789809348099093D4
S11378C04909A0934A09B0934B0902C010923609A2
S11378D02093330902C01092360980913B09282E67
S11378E0312C121413040CF0E4C180915C09582F5C
S11378F05071952EA0905D09B0905E09982F9072FA
S11379009983A82FA074AA838B83B0919C10BE87FF
S1137910D50154962D913D914D915C9157972C83AF
S11379203D834E835F83C0905809D0905909E090FD
S11379305A09F0905B09E0913B10F0913C10FD87EF
S1137940EC87009154091091550920915609309102
S113795057094091391050913A105B874A874091FA
S113796050095091510960915209709153098091C5
S11379703710909138109987888740904C0950901F
S11379804D0960904E0970904F09E09148098E2F7F
S113799090914909A0914A09B0914B099A8EB88AED
S11379A0AF86498B5A8B6B8B7C8B0D8B1E8B2F8BED
S11379B0388FE98FEA8DEE2381F1EF85F889848091
S11379C09580A680B780C80CD91CEA1CFB1C1C142B
S11379D01D041E041F040CF5B0903809B1100CC02E
S11379E02C853D852115310529F0215031093D872C
S11379F02C8708C0109A06C04C855D854F5F5F4F89
S1137A005D874C87EF85F88984889588A688B78830
S1137A10C818D908EA08FB081098F981FF23E1F196
S1137A20EF85F88980849184A284B3840D891E89AA
S1137A302F89388D080D191D2A1D3B1D101611069E
S1137A40120613062CF5B0903709B1100CC04A8504
S1137A505B854115510529F0415051095B874A87DF
S1137A6007C0119A05C0EA85FB853196FB87EA8732
S1137A70EF85F88984889588A688B7880819190934
S1137A802A093B0911980D8B1E8B2F8B388F04C04C
S1137A900D8B1E8B2F8B388FFA81FF23E1F1EF853D
S1137AA0F88984849584A684B78449895A896B8922
S1137AB07C89480D591D6A1D7B1D14161506160672
S1137AC017062CF5B0903609B1100CC028853985FD
S1137AD02115310529F0215031093987288707C03C
S1137AE0129A05C0E885F9853196F987E887EF850C
S1137AF0F88984889588A688B788481959096A0935
S1137B007B091298498B5A8B6B8B7C8B04C0498BF5
S1137B105A8B6B8B7C8BFB81FF234CF5EF85F889AB
S1137B2080889188A288B388840C951CA61CB71CF5
S1137B30181419041A041B04C4F4FE85F11102C0BC
S1137B40139A04C02E85213009F4149AEF85F8891C
S1137B50448855886688778884189508A608B708E5
S1137B60139814982401350102C0240135014C01F5
S1137B705D01FFEF8F1A9F0AAF0ABF0A2C813D8176
S1137B804E815F8182169306A406B5060CF443C0A9
S1137B9049895A896B897C890D891E892F89388D79
S1137BA0C0925809D0925909E0925A09F0925B099F
S1137BB08C859D8590933C1080933B1000935409D1
S1137BC0109355092093560930935709AA85BB850C
S1137BD0B0933A10A093391040935009509351092F
S1137BE06093520970935309E885F985F09338102E
S1137BF0E093371040924C0950924D0960924E091F
S1137C0070924F098092480990924909A0924A09BA
S1137C10B0924B094EC0A82DF98DAF1BBB27A7FD11
S1137C20B095A215B3051CF4D501C401C3CE49898E
S1137C305A896B897C890D891E892F89388DC09258
S1137C405809D0925909E0925A09F0925B098C853F
S1137C509D8590933C1080933B100093540910939E
S1137C6055092093560930935709AA85BB85B093CB
S1137C703A10A093391040935009509351096093DE
S1137C80520970935309E885F985F0933810E0930D
S1137C90371040924C0950924D0960924E097092EF
S1137CA04F098092480990924909A0924A09B092DA
S1137CB04B09E0915D09F0915E098091480990912A
S1137CC04909A0914A09B0914B09408D518D628DAB
S1137CD0738D481759076A077B070CF4CAC0409193
S1137CE0440950914509609146097091470900A1E2
S1137CF011A122A133A1AA279927419FB12D529FF7
S1137D00F001629FF00D911D619FE00DF11D9A1F1E
S1137D10429FB00DE11DFA1F9A1F519FB00DE11D46
S1137D20FA1F9A1F609FB00DE11DFA1F9A1F509F02
S1137D30B10DEA1FFA1F9A1FBB0FEA1FFA1F12F0B8
S1137D409A1F11F0EFEFFFE711247F01E0915D0925
S1137D50F0915E0980A591A58E0D9F1D90933F091A
S1137D6080933E0926A137A12817390720F43093C0
S1137D703F0920933E0980913E0990913F09813348
S1137D80F5E79F0710F080E395E721E020933B0996
S1137D90813127E2920750F021E096958795220FD2
S1137DA0813137E29307C8F720933B09803291056C
S1137DB008F18097811548E09407F0F0292F3327C4
S1137DC0220F331F220F331F2A5E354FF9013296DB
S1137DD065917491AA27879FA001869F410D5A1F20
S1137DE0000C4A1F5A1F1124F90125913491241BB8
S1137DF0350B21C080E090E0AC01569547954C7F4F
S1137E004A5E594FFA0125913491FA01329645910F
S1137E10549187709927849FB001859F700D949F1A
S1137E20700D1124CB019695879596958795969517
S1137E308795281B390B2436310510F424E630E0ED
S1137E403093A9002093A80080914409909145099A
S1137E50A0914609B0914709820F931FA11DB11D3E
S1137E608093440990934509A0934609B093470928
S1137E70F2C0448D558D668D778D481759076A0772
S1137E807B070CF0E0C0409140095091410960919A
S1137E9042097091430900A111A122A133A1AA278B
S1137EA09927419FB12D529FF001629FF00D911DC2
S1137EB0619FE00DF11D9A1F429FB00DE11DFA1F55
S1137EC09A1F519FB00DE11DFA1F9A1F609FB00DBC
S1137ED0E11DFA1F9A1F509FB10DEA1FFA1F9A1F46
S1137EE0BB0FEA1FFA1F12F09A1F11F0EFEFFFE722
S1137EF01124F0933D09E0933C0980913E0990914F
S1137F003F098E179F0758F4E0915D09F0915E09CF
S1137F1082A593A590933D0980933C0906C08E1BCE
S1137F209F0B90933D0980933C09E0915D09F0918A
S1137F305E0982A593A520913C0930913D0928173B
S1137F40390720F490933D0980933C0980913C09C2
S1137F5090913D09813355E7950710F080E395E74B
S1137F6021E020933B098131A7E29A0748F09695D6
S1137F708795220F8131B7E29B07C8F720933B090D
S1137F808032910508F180978115E8E09E07F0F0B2
S1137F90292F3327220F331F220F331F2A5E354F19
S1137FA0F901329665917491AA27879FA001869F53
S1137FB0410D5A1F000C4A1F5A1F1124F901259123
S1137FC03491241B350B21C080E090E0AC01569520
S1137FD047954C7F4A5E594FFA0125913491FA0135
S1137FE032964591549187709927849FB001859F5B
S1137FF0700D949F700D1124CB01969587959695DD
S1138000879596958795281B390B2436310510F4EE
S113801024E630E03093A9002093A8008091400921
S113802090914109A0914209B0914309820F931F95
S1138030A11DB11D8093400990934109A093420969
S1138040B093430908C08091390990913A099093FB
S1138050A9008093A800E0915D09F0915E0944892C
S11380605589668977898091480990914909A09139
S11380704A09B0914B0984179507A607B7079CF0E6
S113808010925E0910925D09E0918609F0918709CA
S113809080819181909387098093860980918509D5
S11380A08150809385096A960FB6F894DEBF0FBE9F
S11380B0CDBFDF91CF91FF91EF91BF91AF919F9190
S11380C08F917F916F915F914F913F912F911F916C
S11380D00F91FF90EF90DF90CF90BF90AF909F9063
S11380E08F907F906F905F904F903F902F900F9064
S11380F00BBE0F900FBE0F901F90189581E00E9449
S1138100562708954F925F926F927F928F929F921B
S1138110AF92BF92CF92DF92EF92FF92CF93DF9311
S1138120CDB7DEB76A970FB6F894DEBF0FBECDBFEA
S11381300E949A10789460E170E086E796E00E94CD
S11381408E250E945427811101C0FFCF61E875E09C
S113815086E796E00E94F1256CE675E086E796E0F6
S11381600E94F12566E675E086E796E00E94F12517
S113817086E0E9EDFDE0DF011D928A95E9F76DE502
S113818075E086E796E00E94F1250E94CC266FE414
S113819075E086E796E00E94F12581E00E94EE10EA
S11381A062E475E086E796E00E94F1250E94202EA5
S11381B065E375E086E796E00E94F1250E947E4023
S11381C00E94B80D6AE275E086E796E00E94920D7F
S11381D08091A1109091A210BE01009709F0A5C151
S11381E0665A704186E796E00E94BD2568E175E015
S11381F086E796E00E94920D60EC73E086E796E0D5
S11382000E94CF0C64E175E086E796E00E94920D2F
S113821060E170E086E796E00E94BD25C090AE065E
S1138220D090AF06E090B006F090B1066091CE0613
S11382307091CF068091D0069091D1060E94F75A92
S1138240A70196010E94495D0E94C95A60938C104F
S113825070938D1080938E1090938F10A7019601C8
S113826060E070E080E89FE30E945C5A6B877C8743
S11382708D879E8760933D1070933E1080933F10CE
S1138280909340108091B2069091B306A091B406E9
S1138290B091B5068B839C83AD83BE836091D20677
S11382A07091D3068091D4069091D5060E94F75A16
S11382B02B813C814D815E810E94495D0E94C95A97
S11382C060939010709391108093921090939310F8
S11382D02B813C814D815E8160E070E080E89FE30A
S11382E00E945C5A6F87788B898B9A8B60934110BC
S11382F07093421080934310909344104090B606BC
S11383005090B7066090B8067090B9066091D60692
S11383107091D7068091D8069091D9060E94F75A99
S1138320A30192010E94495D0E94C95A609394106E
S1138330709395108093961090939710A3019201D7
S113834060E070E080E89FE30E945C5A6B8B7C8B5A
S11383508D8B9E8B609345107093461080934710CD
S1138360909348108090BA069090BB06A090BC06EB
S1138370B090BD066091DA067091DB068091DC0650
S11383809091DD060E94F75AA50194010E94495D6F
S11383900E94C95A609398107093991080939A1010
S11383A090939B10A501940160E070E080E89FE346
S11383B00E945C5A6F8B788F898F9A8F60934910D3
S11383C070934A1080934B1090934C108091F20656
S11383D09091F306A091F406B091F5068F839887E7
S11383E0A987BA87A7019601BC01CD010E94495D06
S11383F060937C1070937D1080937E1090937F1017
S11384002B813C814D815E816F81788589859A8538
S11384100E94495D60938010709381108093821054
S113842090938310A30192016091F6067091F70670
S11384308091F8069091F9060E94495D609384103A
S1138440709385108093861090938710A5019401F2
S11384506091FA067091FB068091FC069091FD06EE
S11384600E94495D609388107093891080938A10EC
S113847090938B1020E030E04AEF53E46F857889C5
S113848089899A890E94495D6B017C0120E030E072
S11384904AEF53E46B857C858D859E850E94495DFA
S11384A0A70196010E94455B6093F2067093F30660
S11384B08093F4069093F50620E030E04AEF53E40D
S11384C06B897C898D899E890E94495D6093F6063B
S11384D07093F7068093F8069093F90620E030E055
S11384E04AEF53E46F89788D898D9A8D0E94495D96
S11384F06093FA067093FB068093FC069093FD0646
S11385006A960FB6F894DEBF0FBECDBFDF91CF9150
S1138510FF90EF90DF90CF90BF90AF909F908F909F
S11385207F906F905F904F9008956F5F7F4F681BAF
S1138530790B58CE04C00E9459270E943B2C80918D
S113854085098111F8CF08950F931F93CF93DF937B
S11385501F92CDB7DEB790919C10891701F18983E2
S11385600E949A4200910E0310910F032091280754
S11385703091290730930F0320930E038981809350
S11385809C100E9453380E949A4210930F03009348
S11385900E030F90DF91CF911F910F9108956111F8
S11385A0DECF0F90DF91CF911F910F9108952F92FD
S11385B03F924F925F926F927F928F929F92AF926F
S11385C0BF92CF92DF92EF92FF920F931F93CF93BC
S11385D0DF93CDB7DEB72A970FB6F894DEBF0FBE90
S11385E0CDBF813009F46CC108F457C1823009F061
S11385F03BC124E030E03E832D83EEEFFFEFFC83AC
S1138600EB8340E050E86CEA73E4512C412CF6E62D
S1138610FF8323E4288722242A94322CE82FF0E0D5
S1138620EE0FFF1FEE0FFF1FFA87E987E75AFF4E91
S11386304F014083518362837383A0906510B0908F
S11386406610C0906710D0906810E0906110F090B0
S11386506210009163101091641020915D103091AC
S11386605E1040915F1050916010609159107091AC
S11386705A1080915B1090915C100E948339298577
S11386803A8527593F4E3901F9011082118212822D
S1138690138229853A852C5F384F3A832983F9015F
S11386A060817181828193810E94C45A70930F0307
S11386B060930E030E9453380E949A422B813C819E
S11386C0B901882777FD8095982F0E94F75AF40105
S11386D06083718382839383A0906510B090661049
S11386E0C0906710D0906810E0906110F090621014
S11386F0009163101091641020915D1030915E1010
S113870040915F10509160106091591070915A100F
S113871080915B1090915C100E948339F301108268
S11387201182128213820E9453380E949A422D8130
S11387303E81B901882777FD8095982F0E94F75ACA
S1138740F4016083718382839383A0906510B09059
S11387506610C0906710D0906810E0906110F0909F
S11387606210009163101091641020915D1030919B
S11387705E1040915F10509160106091591070919B
S11387805A1080915B1090915C100E948339F30120
S1138790108211821282138220E030E040E05FE315
S11387A0E981FA8160817181828193810E94495DAE
S11387B00E94C45A70930F0360930E030E945338AF
S11387C00E949A422320209409F490C03F80288478
S11387D029853A85275A3F4E4901E985FA85E35BA5
S11387E0FF4E2081318142815381652D742D832D6B
S11387F0922D0E947C59F401608371838283938358
S1138800A0906510B0906610C0906710D09068106A
S1138810E0906110F0906210009163101091641068
S113882020915D1030915E1040915F105091601066
S11388306091591070915A1080915B1090915C1066
S11388400E94833929853A8527593F4EF401808156
S11388509181A281B381F90180839183A283B3833F
S113886010920F0310920E032A960FB6F894DEBFEF
S11388700FBECDBFDF91CF911F910F91FF90EF906D
S1138880DF90CF90BF90AF909F908F907F906F902C
S11388905F904F903F902F9008952AE030E03E8300
S11388A02D83EBEFFFEFFC83EB8340E050E066E9C0
S11388B073E4512C412CF8E4FF8323E42887ABCEE6
S11388C0E6EFFFEFFE83ED8325E030E03C832B836E
S11388D040E050E066E973EC512C412C38E43F83CE
S11388E093E4988722242394312C98CE512C412C44
S11388F0312C212C6DCF2F923F924F925F926F9229
S11389007F928F929F92AF92BF92CF92DF92EF921B
S1138910FF920F931F93CF93DF9300D01F92CDB795
S1138920DEB70E945427882389F02091D60D253084
S113893020F58091C80D9091C90D892B09F404C1CB
S113894021111BC00E9459270E943B2C0F900F90AD
S11389500F90DF91CF911F910F91FF90EF90DF90D7
S1138960CF90BF90AF909F908F907F906F905F90CB
S11389704F903F902F900C94E72B8091540D8823B7
S113898079F18091D80D10E6189FC001112462ED91
S113899073E08152924F0E94A061892B09F4FCC5B7
S11389A08FE59DE00E94BD188FE59DE00E940519AA
S11389B01092540D6DEF74E086E796E00E94F12565
S11389C08091D60D81508093D60D8091D80D8F5F04
S11389D08093D80D863009F0B5CF1092D80DB2CF60
S11389E0E090D80DA0E6BA2EBE9C70011124870138
S11389F00152124F67E470E0C8010E9495619093A0
S1138A00D10D8093D00D009751F1801B910B8E0DE9
S1138A109F1D60E070E08052924F0E94C35E0E94EE
S1138A20C45ACB01AA2797FDA095BA2F8D3591057D
S1138A3008F48FC06FEB74E086E796E00E94920D15
S1138A406091D80D20E6629FB00111246152724FEB
S1138A5086E796E00E94AA250E947B28B1CF6DE4A8
S1138A6070E0C8010E9495619093D10D8093D00D60
S1138A70009709F4EFC5801B910B8E0D9F1D60E0DC
S1138A8070E08052924F0E94C35E0E94C45A6D36B9
S1138A90710511F40C946D520CF460C06E3C7105B8
S1138AA011F40C94B3540CF013C66E3B710511F41D
S1138AB00C94025614F40C94BF4D6B3C710511F4E4
S1138AC00C94D55514F00C94314E693C710511F495
S1138AD00C94AB536A3C710511F00C94195405E1E4
S1138AE013E08EEB882E86E0982E90E6B92EF801DE
S1138AF061918F01E090D80DBE9C70011124970103
S1138B002152324F690170E0C9010E94956190932E
S1138B10D10D8093D00D009779F08C199D098E0D9D
S1138B209F1D60E070E08052924F0E94C35EF4018A
S1138B306083718382839383F4E08F0E911C23E01E
S1138B4009311207A1F688CF0E94BB282091D60DC7
S1138B50F7CEFC01EA59FF4F0C94745E6E31710537
S1138B6011F40C9498550CF401C66C35710511F48C
S1138B700C943A570CF0BCC66335710511F40C948F
S1138B80DD5614F00C94964F6A32710511F40C946E
S1138B902D546235710511F00C9419541092A010E3
S1138BA05BCF0E949A4255E1852E53E0952E09E54C
S1138BB010E160E6B62EF40161914F01E090D80D0A
S1138BC0BE9C7001112497012152324F690170E05B
S1138BD0C9010E9495619093D10D8093D00D0097A7
S1138BE079F08C199D098E0D9F1D60E070E0805214
S1138BF0924F0E94C35EF8016083718382839383E2
S1138C000C5F1F4FF9E18F16F3E09F06A1F6A090C9
S1138C106510B0906610C0906710D0906810E09016
S1138C206110F09062100091631010916410209113
S1138C305D1030915E1040915F1050916010609112
S1138C40591070915A1080915B1090915C100E94A1
S1138C50833902CF81E080932C10FECE10922C1029
S1138C60FBCE8FEF90E080938A0060E080E00E946A
S1138C70A44280910E0390910F0390933610809339
S1138C803510809113039091140390937B1080937B
S1138C907A100E948F086093CC0D7093CD0D809351
S1138CA0CE0D9093CF0D84E690E0909314038093BF
S1138CB0130381E00E94562780E1E9E5F0E1A9E68B
S1138CC0B0E101900D928A95E1F710920F03109292
S1138CD00E03DD24D394D0922B10F090D80D20E60F
S1138CE0F29E50011124C5018152924F5C01E09023
S1138CF015036E2D70E00E9495619093D10D8093C1
S1138D00D00D0091160310E0892B09F48FC710923F
S1138D101003B801C5010E9495619093D10D809311
S1138D20D00D892B09F4B5C581E00E94D74280910A
S1138D301003882309F4A9C580E00E94D7428091DA
S1138D401003882309F48CC582E00E94D742109254
S1138D502B10809135109091361090930F038093CF
S1138D600E0380917A1090917B109093140380935A
S1138D7013030E948F086093CC0D7093CD0D8093E4
S1138D80CE0D9093CF0D68CE0E949A42D0909C1045
S1138D909091D80DE92EF12CE0E69E9F500111240C
S1138DA085010152124F64E570E0C8010E9495618B
S1138DB09093D10D8093D00D0097D9F0801B910B27
S1138DC08A0D9B1D60E070E08052924F0E94C35E4A
S1138DD00E94C95AD62E662311F0DD24D394009143
S1138DE0D80DE02EF12CF0E60F9F800111240152E2
S1138DF0124F68E570E0C8010E9495619093D10D0F
S1138E008093D00DAD2CB12C009709F458C570E6B1
S1138E10C72ECE9C9001CF9C300D1124801B910B4A
S1138E20280F391F60E070E0C9018052924F0E9400
S1138E30C35EAA0CBB1CAA0CBB1CAA0CBB1CF50170
S1138E40E05FF84F6083718382839383E090D80D51
S1138E50F12CCE9C8001CF9C100D11240152124F95
S1138E6069E570E0C8010E9495619093D10D8093EB
S1138E70D00D0097C1F040E64E9D90014F9D300DFE
S1138E801124801B910B280F391F60E070E0C90189
S1138E908052924F0E94C35EF501EC5EF84F6083EE
S1138EA071838283938380919C10D81611F40C945F
S1138EB012506EED74E086E796E00E94920D4D2DFF
S1138EC050E060E070E086E796E00E94AC0C62ED52
S1138ED074E086E796E00E94920D85010655194FCD
S1138EE0F801EA59FF4F408151816281738186E71D
S1138EF096E00E949F256EEC74E086E796E00E945F
S1138F00920DF801E659FF4F4081518162817381CE
S1138F1086E796E00E94E7259FCD0091D80D10E0EA
S1138F20A0E6FA2EF09E6001F19ED00C1124960169
S1138F302152324F390160E570E0C9010E94956108
S1138F409093D10D8093D00D009709F4B4C4861981
S1138F5097098C0D9D1D60E070E08052924F0E9435
S1138F60C35E0E94C95A4B015C010091D80D10E008
S1138F70F09E3001F19E700C1124C3018152924F76
S1138F803C0163E570E0C3010E9495619093D10DAB
S1138F908093D00D0097D9F040E6409F9001419F07
S1138FA0300D112486199709280F391F60E070E0ED
S1138FB0C9018052924F0E94C35E20E030E04AE72C
S1138FC054E40E94495D0E94C95A4B015C010E940D
S1138FD08F086B017C01C80CD91CEA1CFB1C0E9485
S1138FE09A4202C00E9459270E948F086C157D0581
S1138FF08E059F05B8F330CD8090D80D482C512CA8
S1139000F0E68F9E4001112494012152324F490110
S113901025E1222E23E0322E39E5E32E30E1F32E32
S113902009E610E14DE9C42E40E1D42E50E6752E38
S1139030F10161911F01520170E0C4010E94956128
S11390409093D10D8093D00D009709F42BC3749C99
S11390509001759C300D112488199909280F391F26
S113906060E070E0C9018052924F0E94C35E4B01E0
S11390705C01F60180818111E8C260912C1070E0DE
S113908080E090E00E94F75AF7012081318142810B
S113909053810E94495D9B01AC01C501B4010E944A
S11390A07C59F80160837183828393838090D80D07
S11390B0482C512C5201749C4001759C900C112435
S11390C094012152324F4901F4E0EF0EF11C0C5F80
S11390D01F4F2FEFC21AD20A39E1231633E03306A9
S11390E009F0A6CF66E470E0C4010E9495619093F4
S11390F0D10D8093D00D009761F110E6149D90017D
S1139100159D300D112488199909280F391F60E025
S113911070E0C9018052924F0E94C35E0E94C45AFB
S11391206115E0E87E07810591050CF073C31616FE
S11391301706180619060CF46FC3A090D80DB12CAD
S11391401A9D40011B9D900C112494012152324F11
S1139150490169E470E0C4010E9495619093D10DC6
S11391608093D00D009709F488C410E61A9D9001ED
S11391701B9D300D112488199909280F391F60E0AF
S113918070E0C9018052924F0E94C35E60931F1029
S1139190709320108093211090932210A090D80DEA
S11391A0B12C1A9D40011B9D900C1124F401E15235
S11391B0F24F4F016AE470E0C4010E9495619093FC
S11391C0D10D8093D00D009709F44EC440E64A9D1A
S11391D090014B9D300D112488199909280F391FCE
S11391E060E070E0C9018052924F0E94C35E6093B8
S11391F0231070932410809325109093261081E0FF
S11392000E94332B0E948F086093CC0D7093CD0D78
S11392108093CE0D9093CF0DD3CB0E945927A0906D
S1139220D80D8A2C912C80E6A89E50011124F501BA
S1139230E152F24F5F0165E1462E63E0562E79E577
S1139240E72E70E1F72E09E610E1EDE9CE2EE0E11C
S1139250DE2EF0E67F2EF20161912F0170E0C50150
S11392600E9495619093D10D8093D00D009709F4DD
S11392700EC2789C9001799C300D11248A199B09A7
S1139280280F391F60E070E0C9018052924F0E949C
S1139290C35E4B015C01F60180818111D1C16091F3
S11392A02C1070E080E090E00E94F75AF7012081D2
S11392B03181428153810E94495D9B01AC01C5010A
S11392C0B4010E947C59F801608371838283938383
S11392D0A090D80D8A2C912C789C5001799CB00CCC
S11392E0112495012152324F5901F4E0EF0EF11C83
S11392F00C5F1F4F2FEFC21AD20A39E1431633E035
S1139300530609F0A8CF66E470E0C5010E94956198
S11393109093D10D8093D00D009701F140E6489DC4
S11393209001499D300D11248A199B09280F391F7A
S113933060E070E0C9018052924F0E94C35E0E94B7
S1139340C45A6115E0E87E07810591050CF05BC203
S113935016161706180619060CF457C20E9453383D
S11393600E948F086093CC0D7093CD0D8093CE0D29
S11393709093CF0D25CB8090D80D482C512CF0E63E
S11393808F9E4001112494012152324F4901B5E1CD
S11393902B2EB3E03B2E19E5E12E10E1F12E09E668
S11393A010E18DE9C82E80E1D82E90E6792EF101E6
S11393B061911F01520170E0C4010E949561909374
S11393C0D10D8093D00D009709F477C1749C90015E
S11393D0759C300D112488199909280F391F60E0F4
S11393E070E0C9018052924F0E94C35E4B015C0140
S11393F0F601808181111FC160912C1070E080E022
S113940090E00E94F75AF701208131814281538113
S11394100E94495D9B01AC01C501B4010E947C59C5
S1139420F80160837183828393838090D80D482CE4
S1139430512C5201749C4001759C900C1124940190
S11394402152324F4901F4E0EF0EF11C0C5F1F4F23
S11394502FEFC21AD20A39E1231633E0330609F09A
S1139460A6CF66E470E0C4010E9495619093D10D8B
S11394708093D00D009761F110E6149D9001159D25
S1139480300D112488199909280F391F60E070E004
S1139490C9018052924F0E94C35E0E94C45A611552
S11394A0E0E87E07810591050CF0C7C11616170682
S11394B0180619060CF4C3C1A090D80DB12C1A9D3E
S11394C040011B9D900C112494012152324F4901FB
S11394D069E470E0C4010E9495619093D10D80937A
S11394E0D00D009709F4FBC110E61A9D90011B9D55
S11394F0300D112488199909280F391F60E070E094
S1139500C9018052924F0E94C35E60931F107093F2
S113951020108093211090932210A090D80DB12C8C
S11395201A9D40011B9D900C1124F401E152F24F4D
S11395304F016AE470E0C4010E9495619093D10DDB
S11395408093D00D009709F4C1C140E64A9D900173
S11395504B9D300D112488199909280F391F60E09B
S113956070E0C9018052924F0E94C35E6093231041
S113957070932410809325109093261080E00E940D
S1139580332B0E948F086093CC0D7093CD0D809384
S1139590CE0D9093CF0D14CA6FE075E086E796E088
S11395A00E94920D0091D80D109F80011124015248
S11395B0124FF80101900020E9F79F012150310971
S11395C06901C01AD10A6EE470E0C8010E94956175
S11395D07C01009709F42FC260E270E00E9495615B
S11395E08C010F5F1F4F6AE270E0C7010E94956112
S11395F0FC0131978DE081838AE082831382B5E098
S1139600EB2EF12C10925F0DB8018FE59DE00E94C6
S1139610EC1E80915F0D882309F4D2C931E0E31A6E
S1139620F108E114F10471F765EE74E086E796E061
S11396300E94920DC5C960E070E080E89FE3E3CE2C
S113964060E070E080E89FE331CE60E070E080E8A5
S11396509FE31ACD64E570E0C8010E949561909380
S1139660D10D8093D00D009709F4CDC2801B910BCE
S11396708E0D9F1D60E070E08052924F0E94C35E89
S11396800E94C95A862F60E00E94A442E5C9F701EE
S113969080819181A281B381F80180839183A28327
S11396A0B38323CEF70180819181A281B381F80134
S11396B080839183A283B38307CDF7018081918155
S11396C0A281B381F80180839183A283B383BBCE4B
S11396D0653F31E0730709F4ABC40CF0B1C16D32DE
S11396E091E0790709F4DEC50CF05AC46C3D7105AC
S11396F009F49AC56D3D710511F00C941954E0906C
S1139700D80D80E6E89E7001112487010152124FA2
S113971063E570E0C8010E9495619093D10D809338
S1139720D00D009709F498C9801B910B8E0D9F1DD5
S113973060E070E08052924F0E94C35E0E94C45A5F
S1139740709312036093110380911103909112039B
S1139750883291050CF465C5893C910514F088ECB8
S113976090E0909312038093110376C968317105D8
S113977011F40C94CA550CF489C16B31710511F4C0
S11397800C9489540CF067C36931710511F40C947D
S11397900A546A31710511F00C9419548091550DD5
S11397A0882309F459C9E090D80D30E6E39E70018E
S11397B0112487010152124F63E570E0C8010E9431
S11397C095619093D10D8093D00D009709F444C90D
S11397D0801B910B8E0D9F1D4AE050E060E070E00D
S11397E08052924F0E943460AB01BC014093570DEC
S11397F05093580D6093590D70935A0D8FE59DE069
S11398000E940F1829C96FEF7FE770930F036093CD
S11398100E03A4CD6FEF7FE770930F0360930E03E5
S11398208090D80DA82CB12C30E6839E40011124E1
S1139830C4018152924F4C018CCC6FEF7FE770933F
S11398400F0360930E038090D80DA82CB12C30E642
S1139850839E40011124C4018152924F4C0138CEA1
S1139860F090D80D6091170370E0F0E6FF9EC00100
S113987011248152924F0E9495619093D10D80934F
S1139880D00D892B09F060CA62CAF090D80DE0901F
S113989015036E2D70E0E0E6FE9EC0011124815296
S11398A0924F0E9495619093D10D8093D00D892B96
S11398B009F042CAD7CF812C912C540162CBAA0C57
S11398C0BB1CAA0CBB1CAA0CBB1CCACA109223103A
S11398D01092241010922510109226104FCE109240
S11398E01F1010922010109221101092221021CEDD
S11398F06936710511F40C94E2560CF05AC36D35B7
S1139900710509F42AC46836710509F092C7D0902C
S11399109C109091D80DE92EF12C30E6939F5001C4
S1139920112485010152124F64E570E0C8010E94C0
S113993095619093D10D8093D00D0097D9F0801B41
S1139940910B8A0D9B1D60E070E08052924F0E9443
S1139950C35E0E94C95AD62E662311F0DD24D39427
S11399600091D80DE02EF12C80E6089F800111248F
S11399700152124F63E570E0C8010E949561909313
S1139980D10D8093D00D009709F466C8CD2CD12C4D
S113999040E64E9D90014F9D300D1124801B910B8C
S11399A0280F391F60E070E0C9018052924F0E9475
S11399B0C35E0E94C45A9B014DE04C9DF0014D9D35
S11399C0F00D1124E057F94F73836283253091E041
S11399D039070CF416C784E091E09383828324E072
S11399E031E081E090E09093CB0D8093CA0D44E286
S11399F050E066ED73E0C9010E94DF0D2DE02C9D5F
S1139A00F0012D9DF00D1124E057F94F91838083CF
S1139A1086819781039711F40C94E5588091C80DC1
S1139A209091C90D892B11F00C94F15880919C06EA
S1139A3080939A0011C8F6013197E00FF11FDACD37
S1139A40683F31E0730709F4D8C30CF06EC3663F76
S1139A5091E0790709F4ECC2673F714009F0E9C667
S1139A600E94FD100C942C45109223101092241087
S1139A701092251010922610C2CB10921F10109233
S1139A802010109221101092221094CB6531710590
S1139A9009F45BC60CF441C66631710509F437C696
S1139AA06731710509F0C5C68091550D882311F4FD
S1139AB00C942C451092560D8FE59DE00E940519DB
S1139AC00091D00D1091D10D0C5F1F4F6AE270E030
S1139AD0C8010E949561009711F40C941B59FC0174
S1139AE0319710824091D00D5091D10D4C5F5F4F52
S1139AF021E069E77DE08FE59DE00E94601A8823FC
S1139B0011F40C94265964E974E086E796E00E9407
S1139B10920D6091D00D7091D10D6C5F7F4F86E7EF
S1139B2096E00E947D0D6DE874E086E796E00E9461
S1139B30920D8FE59DE00E940626AB01BC0186E7ED
S1139B4096E00E94D4251092570D1092580D109251
S1139B50590D10925A0D8FE59DE00E9406266093E0
S1139B605B0D70935C0D80935D0D90935E0D6FE7BC
S1139B7074E086E796E00E94F1250C942C45633747
S1139B80710511F40C94A55814F40C9457586737C4
S1139B90710509F48CC56C38710509F04AC6E0906A
S1139BA0D80DE0E6EE9E7001112487010152124F98
S1139BB063E570E0C8010E9495619093D10D809394
S1139BC0D00D009711F40C942C45801B910B8E0D35
S1139BD09F1D60E070E08052924F0E94C35E0E941D
S1139BE0C45ADC01CB01909386068093850644E237
S1139BF050E066ED73E00E94DF0D9093840680933D
S1139C0083060C942C456CEC72E086E796E00E9487
S1139C10920D6091D80DB69EB00111246152724F1D
S1139C2086E796E00E94AA250C942C45B801C5014C
S1139C300E9495619093D10D8093D00D892B09F0EA
S1139C4066C86091170370E0C5010E949561909306
S1139C50D10D8093D00D892B09F059C8D0921003EF
S1139C6063C86C3C710509F4DAC36D3C710509F0F5
S1139C70E0C50091D80D10E0A0E6DA2ED09E700168
S1139C80D19EF00C112497012152324F590163E502
S1139C9070E0C9010E9495619093D10D8093D00D1D
S1139CA00097F1F08A199B098E0D9F1D60E070E00A
S1139CB08052924F0E94C35E6093E6067093E7065B
S1139CC08093E8069093E9060091D80D10E0D09EA9
S1139CD05001D19EB00C1124C5018152924F5C01F8
S1139CE064E570E0C5010E9495619093D10D809365
S1139CF0D00D009731F1F0E6FF2EF09E9001F19E19
S1139D00300D11248A199B09280F391F60E070E077
S1139D10C9018052924F0E94C35E6093EA06709319
S1139D20EB068093EC069093ED060091D80D10E0BD
S1139D30F09E5001F19EB00C1124F501E152F24F56
S1139D405F0168E570E0C5010E9495619093D10DB3
S1139D508093D00D009731F1E0E6FE2EF09E900145
S1139D60F19E300D11248A199B09280F391F60E0D8
S1139D7070E0C9018052924F0E94C35E6093F20664
S1139D807093F3068093F4069093F5060091D80D32
S1139D9010E0F09E5001F19EB00C11249501215267
S1139DA0324F59016AE570E0C5010E9495619093B4
S1139DB0D10D8093D00D009731F170E6F72EF09E0F
S1139DC09001F19E300D11248A199B09280F391F27
S1139DD060E070E0C9018052924F0E94C35E6093BC
S1139DE0F6067093F7068093F8069093F9060091AF
S1139DF0D80D10E0F09E5001F19EB00C1124C50165
S1139E008152924F5C0165E470E0C5010E94956146
S1139E109093D10D8093D00D009711F40C942C45A0
S1139E2040E6409F9001419F300D11248A199B09FF
S1139E30280F391F60E070E0C9018052924F0E94E0
S1139E40C35E6093FA067093FB068093FC069093BE
S1139E50FD060C942C456C31710511F00C94B85826
S1139E608091550D882311F40C942C458FE59DE0C9
S1139E700E9405191092560DE090D00DF090D10D6E
S1139E8084E0E80EF11C6AE270E0C7010E9495616B
S1139E908C01009711F40C94C8588091D80DE0E619
S1139EA08E9FC00111246EE470E08152924F0E9493
S1139EB0956160E270E00E94956101969093D10DE6
S1139EC08093D00DF801319710824091D00D5091BC
S1139ED0D10D4C5F5F4F26E569E77DE08FE59DE09E
S1139EE00E942B2681110C94CB5868E374E086E71A
S1139EF096E00E94920D6091D00D7091D10D6C5F2F
S1139F007F4F86E796E00E947D0D66E374E086E766
S1139F1096E00E94920D81EB9DE00E94FA25682F45
S1139F2086E796E00E94B3250C942C4564357105B0
S1139F3009F442C26535710509F07BC4E090D80D7F
S1139F4090E6E99E7001112487010152124F63E5E6
S1139F5070E0C8010E9495619093D10D8093D00D5B
S1139F60009711F40C942C45801B910B8E0D9F1DB2
S1139F7060E070E08052924F0E94C35E20E030E0C7
S1139F804AE754E40E94495D0E94C95A6093240739
S1139F907093250780932607909327070C942C45EC
S1139FA06039F1E07F0709F03FC40E949A420C94A3
S1139FB02C456A36710509F4A2C66B36710509F0A1
S1139FC038C420919C10E090D80DF0E6EF9E70010B
S1139FD0112487010152124F64E570E0C8012983FE
S1139FE00E9495619093D10D8093D00D29810097A3
S1139FF011F40C941E59801B910B8E0D9F1D60E073
S113A00070E08052924F0E94C35E0E94C95A262F6C
S113A010623010F40C941E5980E090E080938A0022
S113A0200C942C4561E08D2D0E94A4420C94594758
S113A03081E00E94EE106091CE067091CF0680916F
S113A040D0069091D1060E94F75A2091AE06309125
S113A050AF064091B0065091B1060E94495D0E943E
S113A060C95A60938C1070938D1080938E109093C6
S113A0708F106091D2067091D3068091D40690918E
S113A080D5060E94F75A2091B2063091B30640914A
S113A090B4065091B5060E94495D0E94C95A609366
S113A0A090107093911080939210909393106091FC
S113A0B0D6067091D7068091D8069091D9060E9451
S113A0C0F75A2091B6063091B7064091B8065091E0
S113A0D0B9060E94495D0E94C95A60939410709316
S113A0E0951080939610909397106091DA06709172
S113A0F0DB068091DC069091DD060E94F75A2091E0
S113A100BA063091BB064091BC065091BD060E9430
S113A110495D0E94C95A6093981070939910809376
S113A1209A1090939B100C942C45693FF1E07F07A3
S113A13009F46FC06B35724009F07BC36EEE72E0B8
S113A14086E796E00E94920D0E943827BC0186E7BC
S113A15096E00E94BD250C942C456AEE73E086E7D8
S113A16096E00E94920D67EE73E086E796E00E9407
S113A170920D4091AE065091AF066091B006709179
S113A180B10686E796E00E949F2563EE73E086E7BA
S113A19096E00E94920D4091B2065091B3066091F0
S113A1A0B4067091B50686E796E00E949F256FED90
S113A1B073E086E796E00E94920D4091B6065091B6
S113A1C0B7066091B8067091B90686E796E00E94DA
S113A1D09F256BED73E086E796E00E94920D409117
S113A1E0BA065091BB066091BC067091BD0686E725
S113A1F096E00E94E7250C942C456DE073E086E719
S113A20096E00E94F1250E94530886E00E945D07B3
S113A210FFCF69EF72E086E796E00E94F1250C9487
S113A2202C4588E290E09DCAE090D80D30E6E39E8C
S113A2307001112487010152124F63E570E0C801D7
S113A2400E9495619093D10D8093D00D009711F4E5
S113A2500C942C45801B910B8E0D9F1D60E070E0CB
S113A2608052924F0E94C35E0E94C45A709314039A
S113A2706093130380911303909114038431910527
S113A28074F0893C910514F088EC90E090931403E9
S113A2908093130381E0809379100C942C4584E11E
S113A2A090E0F4CF0091D80D10E030E6F32EF09E4C
S113A2B06001F19ED00C1124F601E152F24F5F01CE
S113A2C060E570E0CF010E9495619093D10D809379
S113A2D0D00D0097E1F08A199B098C0D9D1D60E05B
S113A2E070E08052924F0E94C35E0E94C95A7093DC
S113A2F0FF066093FE060091D80D10E0F09E500119
S113A300F19EB00C112495012152324F590169E498
S113A31070E0C5010E9495619093D10D8093D00D9A
S113A320009721F120E6F22EF09E9001F19E300D6F
S113A33011248A199B09280F391F60E070E0C901B4
S113A3408052924F0E94C35E0E94C95A70930107C3
S113A350609300070091D80D10E0F09E5001F19E2B
S113A360B00C1124C5018152924F5C0164E470E089
S113A370C5010E9495619093D10D8093D00D0097F3
S113A380B9F040E6409F9001419F300D11248A1995
S113A3909B09280F391F60E070E0C9018052924F79
S113A3A00E94C35E0E94C95A709303076093020718
S113A3B00E94B80D0C942C450E949A420091D80D2D
S113A3C020E6029F80011124C8018152924F7C0132
S113A3D063E570E00E9495619093D10D8093D00D58
S113A3E0009709F448C78E199F09800F911F60E0F8
S113A3F070E08052924F0E94C35E20E030E04AE752
S113A40054E40E94495D0E94C95A609320077093E6
S113A410210780932207909323070C942C450091E5
S113A420D80D10E0B0E6DB2ED09E7001D19EF00C6A
S113A4301124C7018152924F5C0163E570E00E94D0
S113A44095619093D10D8093D00D0097F1F08A1906
S113A4509B098E0D9F1D60E070E08052924F0E9418
S113A460C35E6093DE067093DF068093E0069093EC
S113A470E1060091D80D10E0D09E5001D19EB00CA1
S113A4801124F501E152F24F5F0164E570E0C5016A
S113A4900E9495619093D10D8093D00D009711F493
S113A4A00C942C4540E6409F9001419F300D1124AF
S113A4B08A199B09280F391F60E070E0C901805296
S113A4C0924F0E94C35E6093E2067093E30680930A
S113A4D0E4069093E5060C942C4500919C10E090C2
S113A4E0D80DF12CBE9C6001BF9CD00C11249601A8
S113A4F02152324F590164E570E0C9010E9495610F
S113A5009093D10D8093D00D0097D9F08A199B09AF
S113A5108C0D9D1D60E070E08052924F0E94C35EDE
S113A5200E94C95A062F611101E0A090D80DEA2CAF
S113A530F12C30E6A39E50011124C5018152924FA3
S113A5405C0163E570E0C5010E9495619093D10DB3
S113A5508093D00D009709F411C610E040E64E9D9B
S113A56090014F9D300D11248A199B09280F391F22
S113A57060E070E0C9018052924F0E94C35E0E9465
S113A580C45A9B014DE0409FF001419FF00D1124FE
S113A590E057F94F73836283253091E039070CF457
S113A5A07DC084E091E09383828324E031E081E004
S113A5B090E09093CB0D8093CA0D44E250E066ED99
S113A5C073E0C9010E94DF0D2DE0209FF001219F5F
S113A5D0F00D1124E057F94F918380838681978190
S113A5E0039709F40DC68091C80D9091C90D892B6C
S113A5F009F012C680919C0680939A000E948F08ED
S113A6004B015C018DE0809F9001819F300D1124EE
S113A6102057394F7901E2E0EE0EF11C89010A5FFF
S113A6201F4F6901F4E0CF0ED11C25C00E948F0892
S113A630681979098A099B09693E73408105910566
S113A640C0F00E948F084B015C0165EF73E086E760
S113A65096E00E94920D44E250E066ED73E0F6014C
S113A660808191810E94600EBC0186E796E00E9481
S113A670BD250E945927F70120813181F80180818D
S113A6809181A90142505109841795077CF22E5FEC
S113A6903F4F2817390754F20C942C4522333105C7
S113A6A00CF061C51092CB0D1092CA0D86CF65E4F3
S113A6B073E086E796E00E94920D90991DC36CECBE
S113A6C073E086E796E00E947D0D6EE373E086E713
S113A6D096E00E94920D91990CC36CEC73E086E7AE
S113A6E096E00E947D0D67E373E086E796E00E94A2
S113A6F0920D9299FBC26CEC73E086E796E00E949F
S113A7007D0D86E796E00E94A3250C942C451092BB
S113A710560D1092550D0C942C456431710509F0B9
S113A72088C06FEA74E086E796E00E94F12540E075
S113A73060E089E79DE00E94AD1B61EA74E086E772
S113A74096E00E94F1250C942C451092560D0E941F
S113A750CC260C942C4505E113E0812C912C20E6A9
S113A760B22EF80161918F01E090D80DBE9C70016A
S113A770112497012152324F690170E0C9010E94EE
S113A78095619093D10D8093D00D009781F18C1930
S113A7909D098E0D9F1D60E070E08052924F0E94D3
S113A7A0C35EF401E655F94F7F010E94C45AF701D4
S113A7B064A375A386A397A38091D00D9091D10D26
S113A7C060E070E001960E94C35E940124573F4EFE
S113A7D06901F70124813581468157810E94495DD1
S113A7E00E94C95AF6016083718382839383F4E0E3
S113A7F08F0E911C20E18216910409F0B2CF0C94C3
S113A8002C45223331050CF04BC41092CB0D109221
S113A810CA0DEDC88091560D882311F40C942C4573
S113A8201092560D0C942C45643F714011F40C9415
S113A8302C456FED72E086E796E00E94920D6091E0
S113A840D80D90E6699FB00111246152724F86E7DA
S113A85096E00E94AA250C942C450091D80D40E660
S113A860D42ED09E8001112498012152324F7901B7
S113A87060E570E0C9010E9495619093D10D8093C9
S113A880D00D009711F40C942C458E199F09800F5C
S113A890911F60E070E08052924F0E94C35E0E945C
S113A8A0C95A6C3009F416C1663209F4E5C067323E
S113A8B011F00C942C458091D80DD89E7001112470
S113A8C087010152124F63E570E0C8010E9495614F
S113A8D09093D10D8093D00D009711F40C942C45D6
S113A8E0801B910B8E0D9F1D60E070E08052924F93
S113A8F00E94C35E6B017C0161E087E20E949107C4
S113A900C701B6010E94C95A87E20E9497070C94B6
S113A9102C458091550D882309F4A5C46CE574E099
S113A92086E796E00E94920D4091570D5091580D84
S113A9306091590D70915A0D86E796E00E94A80C1B
S113A9406FE286E796E00E94120C40915B0D5091F5
S113A9505C0D60915D0D70915E0D86E796E00E943E
S113A960D4250C942C45D090D80DBD9C8001112485
S113A9700152124F64E470E0C8010E949561909303
S113A980D10D8093D00D892BE9F16CE273E086E759
S113A99096E00E94920D40914D1050914E1060919E
S113A9A04F107091501086E796E00E949F2568E250
S113A9B073E086E796E00E94920D40915110509109
S113A9C05210609153107091541086E796E00E94E3
S113A9D09F2564E273E086E796E00E94920D409121
S113A9E0551050915610609157107091581086E789
S113A9F096E00E94E725D090D80DBD9C80011124DB
S113AA000152124F45E1E42E43E0F42E5DE4A52EFD
S113AA1050E1B52E60E6C62EF70161917F0170E02A
S113AA20C8010E9495619093D10D8093D00D009739
S113AA3089F0801B910BCD9C800D911D112460E049
S113AA4070E08052924F0E94C35EF501608371836F
S113AA5082839383F4E0AF0EB11C28E1E21623E075
S113AA60F20611F40C942C45D090D80DCD9C8001A5
S113AA7011240152124FD0CF8091D80DD89E70016D
S113AA80112487010152124F63E570E0C8010E944E
S113AA9095619093D10D8093D00D009711F40C948F
S113AAA02C45801B910B8E0D9F1D60E070E0805241
S113AAB0924F0E94C35E6B017C0161E086E20E94BA
S113AAC09107C701B6010E94C95A86E20E949707FE
S113AAD00C942C458091D80DD89E700111248701C7
S113AAE00152124F63E570E0C8010E949561909392
S113AAF0D10D8093D00D009711F40C942C45801B3C
S113AB00910B8E0D9F1D60E070E08052924F0E9469
S113AB10C35E6B017C0161E08CE00E949107C70178
S113AB20B6010E94C95A8CE00E9497070C942C45E8
S113AB308091550D882311F40C942C451092560DD8
S113AB408FE59DE00E9405190091D00D1091D10D63
S113AB500C5F1F4F6AE270E0C8010E949561009784
S113AB6009F4A2C3FC01319710826091D00D709159
S113AB70D10D6C5F7F4F89E79DE00E942E268823CC
S113AB8009F48EC367E174E086E796E00E94F1253C
S113AB900C942C458091550D882311F40C942C456C
S113ABA081E08093560D0C942C45E090D80D30E64E
S113ABB0E39E7001112487010152124F63E570E096
S113ABC0C8010E9495619093D10D8093D00D009798
S113ABD009F440C3801B910B8E0D9F1D60E070E053
S113ABE08052924F0E94C35E0E94C95A60930D0323
S113ABF0862F843611F00C942C4581E080930D034C
S113AC000C942C458091D80DB89E700111248701B5
S113AC100152124F63E570E0C8010E949561909360
S113AC20D10D8093D00D0097E1F0801B910B8E0D18
S113AC309F1D60E070E08052924F0E94C35E0E94AC
S113AC40C45ADC01CB01909386068093850644E2C6
S113AC5050E066ED73E00E94DF0D909384068093CC
S113AC6083060E948F086B017C011DE020918906F8
S113AC7030918A06809185069091860628173907B7
S113AC8014F00C942C450E9459270E948F086C19CB
S113AC907D098E099F09693E73408105910530F352
S113ACA00E948F086B017C0162EF73E086E796E0F7
S113ACB00E94920DE0919C101E9FF0011124E05718
S113ACC0F94F6681778186E796E00E94CF0C6EEE9D
S113ACD073E086E796E00E94920D60918906709178
S113ACE08A0686E796E00E94BD25C0CF6FEC73E02C
S113ACF004CD6FEC73E0F3CC6FEC73E0E2CCD09056
S113AD009C10E090D80D0E2D10E020E6E29E70011C
S113AD101124C7018152924F5C0164E570E00E94E6
S113AD2095619093D10D8093D00D0097E9F08A1925
S113AD309B098E0D9F1D60E070E08052924F0E942F
S113AD40C35E0E94C95AD62E662311F0DD24D39423
S113AD50A090D80D0A2D10E090E6A99E5001112470
S113AD60F501E152F24F5F0163E570E0C5010E9415
S113AD7095619093D10D8093D00D009709F420C272
S113AD8040E6409F9001419F300D11248A199B0990
S113AD90280F391F4AE050E060E070E0C90180529A
S113ADA0924F0E943460772788279927D1100C94FA
S113ADB02C45609388000C942C4581E08093A0106E
S113ADC00C942C45F0909C100091D80DF0E60F9F48
S113ADD08001112498012152324F690164E570E029
S113ADE0C9010E9495619093D10D8093D00D009775
S113ADF089F08C199D09800F911F60E070E08052EA
S113AE00924F0E94C35E0E94C95AF62E662311F027
S113AE10FF24F39460E074E086E796E00E94920DCC
S113AE203DE0F39E800111240057194FF80166811B
S113AE30778186E796E00E94CF0C6CEF73E086E79B
S113AE4096E00E94920DF801648570E086E796E032
S113AE500E94982568EF73E086E796E00E94920DC1
S113AE606091890670918A0686E796E00E94BD2566
S113AE700C94E04405E113E01B821A8230E6332E81
S113AE80F80161918F01E090D80D3E9C700111246E
S113AE9097012152324F690170E0C9010E94956106
S113AEA09093D10D8093D00D009709F441C08C1973
S113AEB09D098E0D9F1D60E070E08052924F0E94AC
S113AEC0C35E4B015C018A819B818655994F7C014D
S113AED0FC0184829582A682B7822A813B81235C0D
S113AEE03F4E6901A501940160E070E080E89FE3B2
S113AEF00E945C5AF60160837183828393832A8162
S113AF003B8124573F4E6901F70164A175A186A1D5
S113AF1097A10E94F75A9B01AC01C501B4010E949C
S113AF20495D0E94C95AF6016083718382839383C9
S113AF3020E030E04AEF53E46091411070914210F8
S113AF4080914310909144100E94495D6B017C01F3
S113AF5020E030E04AEF53E460913D1070913E10E0
S113AF6080913F10909140100E94495DA701960185
S113AF700E94455B6B017C016093F2067093F306BB
S113AF808093F4069093F50620E030E04AEF53E412
S113AF90609145107091461080914710909148102F
S113AFA00E94495D2B013C016093F6067093F706FD
S113AFB08093F8069093F90620E030E04AEF53E4DA
S113AFC06091491070914A1080914B1090914C10EF
S113AFD00E94495D4B015C016093FA067093FB0685
S113AFE08093FC069093FD062091AE063091AF0647
S113AFF04091B0065091B106C701B6010E94495D67
S113B00060937C1070937D1080937E1090937F10DA
S113B0102091B2063091B3064091B4065091B50622
S113B020C701B6010E94495D60938010709381103E
S113B03080938210909383102091B6063091B706C6
S113B0404091B8065091B906C301B2010E94495D0E
S113B050609384107093851080938610909387106A
S113B0602091BA063091BB064091BC065091BD06B2
S113B070C501B4010E94495D6093881070938910E2
S113B08080938A1090938B102A813B812C5F3F4FD1
S113B0903B832A832031310509F0F2CE0C942C45F0
S113B0A02739310514F40C94F74C0C94F14C6237A5
S113B0B0710509F0BECB68E573E086E796E00E946F
S113B0C0920D4091591050915A1060915B107091FB
S113B0D05C1086E796E00E949F2564E573E086E7AE
S113B0E096E00E94920D40915D1050915E10609127
S113B0F05F107091601086E796E00E949F2560E5DE
S113B10073E086E796E00E94920D409161105091A1
S113B1106210609163107091641086E796E00E945B
S113B1209F256CE473E086E796E00E94920D4091BF
S113B130651050916610609167107091681086E7F1
S113B14096E00E94E7250C942C4560E873E086E7BE
S113B15096E00E94F1256BE573E086E796E00E9495
S113B160F1250C942C45273931050CF426CA1FCA45
S113B1706D31710511F40C942C455BCB8091C80D95
S113B1809091C90D892B11F00C942C4510E036CA0E
S113B190A7010C946B4F81E08093540D64E274E03A
S113B1A086E796E00E94920D6091D00D7091D10DCA
S113B1B06C5F7F4F86E796E00E94AA250C942C458D
S113B1C06FEF70E080E090E0F1CD69E173E086E735
S113B1D096E00E94AA2581E090E09093C90D8093A7
S113B1E0C80D8DE08C9DF0018D9DF00D1124E0576C
S113B1F0F94F13821282848580939A000C942C4513
S113B20069E173E086E796E00E94AA2581E090E078
S113B2109093C90D8093C80D8DE0809FF001819FAC
S113B220F00D1124E057F94F138212828485809324
S113B2309A000C942C45A8010C94784D21110DC052
S113B24080E090E0809388000C942C456EE674E0D6
S113B2500C94874F80910D03CCCC213011F00C94C9
S113B2602C450C940C506CE474E086E796E00E9444
S113B270F1250C942C4564E570E0C7010E949561AA
S113B2809093D10D8093D00D892B81F088B1807E6D
S113B29088B9809172008260809372000C942C456E
S113B2A066E074E00C94874FB80165CC88B18F6177
S113B2B088B9809172008D7F809372000C942C4524
S113B2C01092B50D1092B60D1092B90D1092BB0DDF
S113B2D082E090E0A0E0B0E08093930D9093940D11
S113B2E0A093950DB093960D1092AA0D10927B0D1C
S113B2F01092610D08955058BB27AA270ED095C20D
S113B3005ED230F063D220F031F49F3F11F41EF48A
S113B3102EC20EF4E095E7FBFBC1E92FA8D280F31F
S113B320BA17620773078407950718F071F49EF53E
S113B330D7C20EF4E0950B2EBA2FA02D0B01B90144
S113B34090010C01CA01A0011124FF27591B99F097
S113B350593F50F4503E68F11A16F040A22F232FA3
S113B360342F4427585FF3CF469537952795A795F3
S113B370F0405395C9F77EF41F16BA0B620B730B9A
S113B380840BBAF09150A1F0FF0FBB1F661F771F0B
S113B390881FC2F70EC0BA0F621F731F841F48F4C0
S113B3A0879577956795B795F7959E3F08F0B3CF46
S113B3B09395880F08F09927EE0F97958795089530
S113B3C0FED158F080E891E009F49EEFFFD128F017
S113B3D040E851E059F45EEF09C0C9C181C2E92FC8
S113B3E0E07845D268F3092E052AC1F326173707FA
S113B3F04807590738F00E2E07F8E02569F0E025D4
S113B400E0640AC0EF6307F8009407FADB01B901AE
S113B4109D01DC01CA01AD01EF935DD006D20AD0D3
S113B4205F91552331F02BED3FE049E450FD49ECA9
S113B43063CF0895DF93DD27B92FBF7740E85FE33B
S113B4401616170648075B0710F4D92FB5D29F9339
S113B4508F937F936F93C8D3E6E8F1E08BD1E5D166
S113B4602F913F914F915F9120D3DD2349F0905864
S113B470A2EA2AED3FE049EC5FE3D0785D274DDF97
S113B480DF91D3C116D280F09F3740F491110EF4AE
S113B49028C260E070E080E89FE3089526F01B1660
S113B4A0611D711D811D3AC154C10ED108F481E0A2
S113B4B0089594D1E395CAC10CD0B7C187D140F0A7
S113B4C07ED130F021F45F3F19F022C1511109C23D
S113B4D04EC1CDD198F39923C9F35523B1F3951BEC
S113B4E0550BBB27AA2762177307840738F09F5FA1
S113B4F05F4F220F331F441FAA1FA9F333D00E2E10
S113B5003AF0E0E830D091505040E695001CCAF77C
S113B51029D0FE2F27D0660F771F881FBB1F261741
S113B52037074807AB07B0E809F0BB0B802DBF0114
S113B530FF2793585F4F2AF09E3F510568F0E8C0FB
S113B540D0C15F3FECF3983EDCF386957795679521
S113B550B795F7959F5FC9F7880F911D96958795C5
S113B56097F90895E1E0660F771F881FBB1F6217E4
S113B57073078407BA0720F0621B730B840BBA0BA2
S113B580EE1F88F7E095089504D06894B111A9C11D
S113B590089575D188F09F5790F0B92F9927B75126
S113B5A0A0F0D1F0660F771F881F991F1AF0BA9583
S113B5B0C9F712C0B13081F093D1B1E0089590C1C0
S113B5C0672F782F8827B85F39F0B93FCCF3869579
S113B5D077956795B395D9F73EF4909580957095D6
S113B5E061957F4F8F4F9F4F0895E89409C097FB53
S113B5F03EF490958095709561957F4F8F4F9F4F46
S113B6009923A9F0F92F96E9BB279395F695879589
S113B61077956795B795F111F8CFFAF4BB0F11F44C
S113B62060FF1BC06F5F7F4F8F4F9F4F16C08823F3
S113B63011F096E911C0772321F09EE8872F762F29
S113B64005C0662371F096E8862F70E060E02AF06A
S113B6509A95660F771F881FDAF7880F9695879556
S113B66097F9089526D180F09F3740F491110EF098
S113B67038C160E070E080E89FEB089526F41B1663
S113B680611D711D811D4AC064C0990FBB0B550F0C
S113B690AA0BE0E8FEEF16161706E807F90770F0A4
S113B6A012161306E407F50760F0BA1754F031F4E4
S113B6B02617370748075907A7951BF4B901CA018C
S113B6C0BA2FB69597950895990F0008550FAA0BB0
S113B6D0E0E8FEEF16161706E807F907C0F01216A1
S113B6E01306E407F50798F0621B730B840B950BA4
S113B6F039F40A2661F0232B242B252B21F40895F9
S113B7000A2609F4A140A6958FEF811D811D089595
S113B71097F99F6780E870E060E00895882371F4EA
S113B720772321F09850872B762F07C0662311F4D6
S113B73099270DC09051862B70E060E02AF09A950D
S113B740660F771F881FDAF7880F9695879597F904
S113B75008959F3F31F0915020F487957795679530
S113B760B795880F911D9695879597F908959FEF42
S113B77080EC0895DF93CF931F930F93FF92EF9282
S113B780DF927B018C01689405C0DA2EEF018DD124
S113B790FE01E894A5912591359145915591AEF31B
S113B7A0EF01BBDDFE019701A801DA9479F7DF9080
S113B7B0EF90FF900F911F91CF91DF910895002496
S113B7C00A941616170618060906089500240A9402
S113B7D012161306140605060895C9CF50D0E8F3CF
S113B7E0E894E0E0BB279F57F0F02AED3FE049ECF6
S113B7F006C0EE0FBB0F661F771F881F28F0B23AF2
S113B80062077307840728F0B25A620B730B840B28
S113B810E3959A9572F7803830F49A95BB0F661FBA
S113B820771F881FD2F7904896CF092E0394000CF7
S113B83011F4882352F0BB0F40F4BF2B11F460FFC6
S113B84004C06F5F7F4F8F4F9F4F0895EF93E0FFCA
S113B85006C0A2EA2AED3FE049EC5FEB5EDDE5DFDE
S113B8600F90039401FC9058E3EBF1E0C7C157FD3E
S113B8709058440F551F59F05F3F71F04795880F5A
S113B88097FB991F61F09F3F79F0879508951216F1
S113B89013061406551FF2CF4695F1DF08C016169D
S113B8A017061806991FF1CF86957105610508944E
S113B8B00895E5DFA0F0BEE7B91788F4BB279F38E9
S113B8C060F41616B11D672F782F8827985FF7CF7D
S113B8D0869577956795B11D93959639C8F3089524
S113B8E0E894BB2766277727CB0197F90895ECDE08
S113B8F008F48FEF089563DF19F068DF09F037CF9C
S113B90007CFB901CA0125CF9F775F77B0DF98F3DE
S113B9109923B9F35523B9F3FF27951758F4E52F65
S113B920E91BED3070F75E3B10F0F1E41CC090347D
S113B930E0F40AC0E92FE51BED3028F79E3B10F038
S113B940F1E411C0503488F4F9EA88232AF09A9576
S113B950660F771F881FDAF744232AF05A95220FBF
S113B960331F441FDAF79F1B5F1BFF931F930F9333
S113B970FF92EF9279018A01BB27AB2F9B01AC01A7
S113B98096D09701A801BF937B018C01AA27BA2FF7
S113B990B901CA018CD0AF919701A801EF90FF9033
S113B9A00F911F91BADC41DFE1D04F9140FF089520
S113B9B0552747FD509509C09B01AC0160E070E03C
S113B9C080E89FE379CDA4CEC4CE59DFE8F3992370
S113B9D0D9F3940F511DBBF39150504094F059F09A
S113B9E0882332F0660F771F881F91505040C1F7AB
S113B9F09E3F510544F7880F911D9695879597F9B9
S113BA0008955F3FACF0983E9CF0BB2786957795F0
S113BA106795B79508F4B1609395C1F7BB0F58F7D4
S113BA2011F460FFE8CF6F5F7F4F8F4F9F4FE3CFDD
S113BA3058CF25DF58F19E5758F19851A0F0E9F0FE
S113BA40983020F5092E9927660F771F881F991FB4
S113BA500A94D1F712C0062E672F782F8827985F93
S113BA6011F4000C07C0993FB4F386957795679558
S113BA709395D9F7611D711D811D3EF490958095B4
S113BA80709561957F4F8F4F9F4F0895689429CF8C
S113BA9027CF0BD0CACE93DE28F098DE18F095237A
S113BAA009F036CE64CE11241CCFE1DEA0F3959FBD
S113BAB0D1F3950F50E0551F629FF001729FBB2791
S113BAC0F00DB11D639FAA27F00DB11DAA1F649F3D
S113BAD06627B00DA11D661F829F2227B00DA11DF0
S113BAE0621F739FB00DA11D621F839FA00D611D76
S113BAF0221F749F3327A00D611D231F849F600D97
S113BB00211D822F762F6A2F11249F5750408AF0CF
S113BB10E1F088234AF0EE0FFF1FBB1F661F771F5B
S113BB20881F91505040A9F79E3F510570F0F0CD09
S113BB30D8CE5F3FECF3983EDCF386957795679516
S113BB40B795F795E7959F5FC1F7FE2B880F911D79
S113BB509695879597F908959F9340DE0F9007FC7B
S113BB60EE5F74CE11F40EF402CEF3CD88DED0F382
S113BB709923D9F3CEF39F57550B87FF38D0002470
S113BB80A0E640EA900180585695979528F4805C89
S113BB90660F771F881F20F026173707480730F4F1
S113BBA0621B730B840B202931294A2BA695179409
S113BBB00794202531254A2758F7660F771F881FD9
S113BBC020F026173707480730F4620B730B840BF9
S113BBD0200D311D411DA09581F7B901842F915885
S113BBE0880F9695879508959B01AC0152CF91508B
S113BBF05040660F771F881FD2F708959F938F9345
S113BC007F936F93FF93EF939B01AC0142DFEF911E
S113BC10FF91B0DD2F913F914F915F913ACFDB01BE
S113BC208F939F930E94985EBF91AF91A29F800DC6
S113BC30911DA39F900DB29F900D1124089597FB21
S113BC40072E16F4009407D077FD09D00E94AF5E4A
S113BC5007FC05D03EF4909581959F4F089570950B
S113BC6061957F4F0895A1E21A2EAA1BBB1BFD010B
S113BC700DC0AA1FBB1FEE1FFF1FA217B307E407C7
S113BC80F50720F0A21BB30BE40BF50B661F771F1F
S113BC90881F991F1A9469F76095709580959095FF
S113BCA09B01AC01BD01CF010895052E97FB1EF445
S113BCB000940E946C5E57FD07D00E94335E07FC1F
S113BCC003D04EF40C946C5E5095409530952195BC
S113BCD03F4F4F4F5F4F08959095809570956195B4
S113BCE07F4F8F4F9F4F0895EE0FFF1F0590F491E4
S113BCF0E02D09940E94825E332312F48A1B9B0B6D
S113BD000C94935EA29FB001B39FC001A39F700DDA
S113BD10811D1124911DB29F700D811D1124911D4F
S113BD2008950E94825EB7FF0895821B930B0895C5
S113BD300E94825EA59F900DB49F900DA49F800DDC
S113BD40911D11240895B7FF0C94985E0E94985E8B
S113BD50821B930B08950790F691E02D0994AA1B7A
S113BD60BB1B51E107C0AA1FBB1FA617B70710F0E2
S113BD70A61BB70B881F991F5A95A9F78095909514
S113BD80BC01CD0108958F929F92AF92BF92CF9242
S113BD90DF92EF92FF920F931F93CF93DF938B0168
S113BDA06115710521F0DB018C9311969C93EC01D4
S113BDB05E01BFEFAB1ABB0A7501C8808C2D90E001
S113BDC00E946861892B11F0E501F2CFEDE2CE12F9
S113BDD008C07E01F2E0EF0EF11CC980DD24D3948B
S113BDE009C02BE2C21205C07E0142E0E40EF11C40
S113BDF0C980D12CE701219743E050E06EE17EE059
S113BE00CE010E947061892BC1F4239645E050E075
S113BE1069E17EE0CE010E947061892B09F42596C8
S113BE200115110519F0D801CD93DC93D11006C189
S113BE3060E070E080E89FE70AC143E050E066E11B
S113BE407EE0CE010E947061892B59F40115110521
S113BE5009F4F9C0B2E0EB0EF11CF801F182E082C2
S113BE60F2C0F70160E070E0CB01C0E0D0E07F01F8
S113BE70A0EDAA2EAC0C29E02A1530F14D2D42601C
S113BE80B42E2D2D2870D2FE04C0211125C0219678
S113BE9023C021112197A5E0B0E09B01AC010E94D1
S113BEA0985E660F771F881F991F6A0D711D811D8B
S113BEB0911D6839A9E97A078A07A9E19A0760F010
S113BEC0BD2DB660BB2E08C02EEFA2120AC0D3FC53
S113BED050C04D2D4860B42E3196D701CC90DB2C48
S113BEE0C6CF2C2D2F7D253409F043C0A081AD325F
S113BEF041F4BD2DB061DB2E7F0122E0E20EF11C86
S113BF000CC07F01AB3231F04FEFE41AF40A21E0A8
S113BF1030E006C0A2E0EA0EF11CA18122E030E08C
S113BF20A053AA3018F0E21AF30A23C0F70120E064
S113BF3030E02038BCE03B075CF4A901440F551FF6
S113BF40440F551F240F351F220F331F2A0F311D95
S113BF50AF014F5F5F4F7A01A081A053AA3010F464
S113BF60FA01E7CFD4FE03C0319521953109C20F00
S113BF70D31FD1FE09C00115110531F0E1E0EE1A1D
S113BF80F108D801ED92FC920E94F55A2D2D2370F0
S113BF90233019F04B015C0106C04B015C01B7FA78
S113BFA0B094B7F8B09420E030E0A901C501B40121
S113BFB00E94555A882309F43EC0D7FF06C0D19584
S113BFC0C195D10905E31EE002C00DE41EE068013D
S113BFD0B8E1CB1AD10890E2E92EF12CCE15DF0599
S113BFE074F0F8012591359145915491C501B4013E
S113BFF00E94495D4B015C01CE19DF09EFCF04506B
S113C0001109F594E7940C151D0541F78A2D880F45
S113C0108B2D881F8F3F49F020E030E0A901C50136
S113C020B4010E94555A811106C082E290E09093B7
S113C030A6108093A510C501B40109C060E070E0AA
S113C04080E89FEF04C060E070E080EC9FE7DF9140
S113C050CF911F910F91FF90EF90DF90CF90BF9001
S113C060AF909F908F9008952F923F925F926F921E
S113C0707F928F929F92AF92BF92CF92DF92EF9274
S113C080FF920F931F93CF93DF938B01EA01611506
S113C090710521F0DB018C9311969C93209739F064
S113C0A09E01225031092332310508F0FBC07C0186
S113C0B06701BFEFCB1ADB0A5601F7016080862DBA
S113C0C090E00E946861892B11F07601F1CFFDE2C6
S113C0D06F120AC0570182E0A80EB11CD701119655
S113C0E06C90772473940BC0BBE26B1207C05701AA
S113C0F0E2E0AE0EB11CD70111966C90712CCE010A
S113C1008F7E892B89F4B0E36B1222C0F501808104
S113C1108F7D883541F56180F2E0AF0EB11C872D2B
S113C1208260782EC0E1D0E0C830D105F1F04CF443
S113C130C230D10511F5C12CD12CE12CB0E4FB2E79
S113C1402FC0CA30D10531F0C031D10521F115C05D
S113C150209751F7CAE0D0E0ACECCA2EDC2CEC2CD2
S113C160ACE0FA2E1DC02097F9F6C8E0D0E0C12C4F
S113C170D12CE12CF0E1FF2E13C060E070E080E0F0
S113C18090E89E01442737FD4095542F0E94335E6A
S113C19069017A0105C0C12CD12CE12CE8E0FE2E06
S113C1A0F50160E020E030E0A9014E01AA2497FCEB
S113C1B0A094BA2C1F0170ED572E560CA9E0A515BA
S113C1C070F48FEB860D8A3118F499EC592E06C061
S113C1D08FE9860D8A3130F589EA582E560C852D63
S113C1E090E08C179D07F4F467FD18C0C216D306BF
S113C1F0E406F50680F0C501B4010E940F5E9B01C0
S113C200AC01250D311D411D511D21303105410564
S113C210B0E85B0710F06FEF01C061E03196D10127
S113C2206C90C8CF872D81700115110571F06623BC
S113C23029F03197D801ED93FC9307C071FE19C022
S113C2403297D801ED93FC9314C067FF12C0882382
S113C25029F020E030E040E050E804C02FEF3FEF49
S113C2604FEF5FE782E290E09093A6108093A510D1
S113C27016C0882341F050954095309521953F4F45
S113C2804F4F5F4F0CC057FF0AC082E290E090937B
S113C290A6108093A5102FEF3FEF4FEF5FE7B90192
S113C2A0CA0104C060E070E080E090E0DF91CF91CB
S113C2B01F910F91FF90EF90DF90CF90BF90AF90C0
S113C2C09F908F907F906F905F903F902F900895F4
S113C2D0911150C0803219F089508550D0F70895DB
S113C2E0FB01DC014150504088F08D9181341CF0F9
S113C2F08B350CF4805E659161341CF06B350CF465
S113C300605E861B611171F3990B0895881BFCCF45
S113C310FB01DC0104C08D910190801921F441508E
S113C3205040C8F7881B990B0895FC01819186172A
S113C33021F08823D9F7992708953197CF010895DB
S113C340FB0151915523A9F0BF01DC014D91451723
S113C3504111E1F759F4CD010190002049F04D91CC
S113C36040154111C9F3FB014111EFCF81E090E089
S111C37001970895992788270895F894FFCF20
S113C37E4001C0FE303031007B5405437B540543ED
S113C38E715585449A993C430000C8430000C84344
S113C39E00007A4400BADB488813000088130000BA
S113C3AE320000008813000000007A440000FA44B2
S113C3BE0000000000000000204E000000000000FD
S113C3CE0000000000000000000A40000010008081
S113C3DEBB440080BB440000AF43000000000000DB
S113C3EE0000000084420000000020BF020080EE26
S113C3FE3600B80B303030007B5405437B54054374
S113C40E715585449A993C430000C8430000C843C3
S113C41E00007A4400BADB48881300008813000039
S113C42E320000008813000000007A440000FA4431
S113C43E0000000000000000204E0000000000007C
S113C44E0000000000000000000A40000010008000
S113C45EBB440080BB440000AF430000000000005A
S113C46E0000000084420000000020BF020080EEA5
S113C47E3600B80BFFFFFFFF0000C84201FFDC05CA
S113C48E016400640058595A4544656665637469CD
S113C49E766520746865726D6973746F72001C0022
S113C4AEFA001F00F5002300F0002700EB002A001D
S113C4BEE6002C00E1003100DC003500D7003E0020
S113C4CED2004700CD004E00C8005E00BE006600DC
S113C4DEB9007400AA008F00A000B7009600DF0018
S113C4EE8C000E0182003E0178007F016E009D01DA
S113C4FE6900B7016400E4015F0001025A005F02A3
S113C50E5000980246000D033C002A0337005103E5
S113C51E320092032D0092032800A7032300BA03CE
S113C52E1E00CA031900D2031600F0030300696E3D
S113C53E69742E336466004D313130004820004C4E
S113C54E20004D3239001C00FA001F00F5002300B4
S113C55EF0002700EB002A00E6002C00E100310079
S113C56EDC003500D7003E00D2004700CD004E005F
S113C57EC8005E00BE006600B9007400AA008F00F9
S113C58EA000B7009600DF008C000E0182003E0171
S113C59E78007F016E009D016900B7016400E4011B
S113C5AE5F0001025A005F025000980246000D031C
S113C5BE3C002A0337005103320092032D009203EC
S113C5CE2800A7032300BA031E00CA031900D203CE
S109C5DE1600F003030047
S9030000FC
