S00E00003344465F32312E7372656397
S11300000C942C070C945B070C945B070C945B0713
S11300100C945B070C945B070C945B070C945B07D4
S11300200C945B070C945B070C945B070C945B07C4
S11300300C945B070C945B070C945B070C945B07B4
S11300400C945B070C945B070C945B070C945B07A4
S11300500C945B070C9470080C945B070C945B077E
S11300600C945B070C945B070C945B070C945B0784
S11300700C945B070C945B070C945B070C945B0774
S11300800C945B070C945B070C945B070C945B0764
S11300900C94AC070C94CE070C945B070C945B0790
S11300A00C945B070C945B070C943F3A0C945B072D
S11300B00C945B070C945B070C945B070C94B208DC
S11300C00C945B070C945B070C945B071249124970
S11300D00148C04992471E451E451E451E451E4502
S11300E0C9461E451E451E451E451E451E451E4548
S11300F01E451E451E451E451E451E451E451E45E4
S11301001E451E4535461E451E451E451E451E45BB
S11301101E451E451E451E451E451E451E451E45C3
S11301201E451E451E451E451E451E451E451E45B3
S11301301E451E451E451E451E451E451E451E45A3
S11301401E451E451E451E451E451E451E451E4593
S11301501E451E451E451E451E451E451E451E4583
S11301601E451E451E451E451E451E451E451E4573
S11301701E451E451E451E451E451E451E451E4563
S113018032462E46D545084AD73B3BCE016E84BC49
S1130190BFFDC12F3D6C74319ABD56833DDA3D00DD
S11301A0C77F11BED9E4BB4C3E916BAAAABE000026
S11301B000803F05A84CCDB2D44EB93836A9020C04
S11301C050B9918688083CA6AAAA2ABE00000080DD
S11301D03F007C3C3E5E2B3D3F2F5B5D3B2C2A2247
S11301E05C006F6B00526573656E643A00446F6E19
S11301F065207072696E74696E672066696C650D3E
S11302000A006F6B0D0A004572726F723A204E6FCE
S1130210204C696E65204E756D6265722077697435
S11302206820636865636B73756D2C204C6173740F
S1130230204C696E653A004572726F723A204E6FB7
S113024020436865636B73756D2077697468206CEF
S1130250696E65206E756D6265722C204C617374D5
S1130260204C696E653A004572726F723A20636879
S113027065636B73756D206D69736D617463682C50
S1130280204C617374204C696E653A005365726941
S1130290616C204572726F723A204C696E65204E13
S11302A0756D626572206973206E6F74204C617382
S11302B074204C696E65204E756D6265722B312C0D
S11302C0204C617374204C696E653A00556E6B6EF8
S11302D06F776E20636F6D6D616E643A0D0A005521
S11302E06E6B6E6F776E204D2D434F4D3A00467204
S11302F065652052616D3A20004E6F7420696D70FF
S11303006C656D656E746564207965740053746101
S11303107274696E6720626F6F746C6F616465726A
S11303202E2E2E00205A3A0020593A004164646867
S11303306F6D6520583A007A5F6D696E3A00795F97
S11303406D61783A00785F6D696E3A0020453A0035
S1130350205A3A0020593A00583A003030303030B0
S11303603030302D303030302D303030302D303092
S113037030302D30303030303030303030303000AC
S11303804649524D574152455F4E414D453A2033FF
S113039044466163746F726965732050524F544FC1
S11303A0434F4C5F56455253494F4E3A312E3032EB
S11303B0204D414348494E455F545950453A5052A7
S11303C04F464933444D414B4552204558545255AC
S11303D04445525F434F554E543A310020453A004C
S11303E0205A3A0020593A00583A006F6B200020F6
S11303F0423A00543A00543A0020423A0020403A2B
S1130400006F6B20543A0044656C6574696F6E200C
S11304106661696C65643A0046696C652064656C64
S1130420657465640057726974696E6720746F201F
S113043066696C653A20002E006F70656E206661F7
S1130440696C65642C2046696C653A20004E6F74B3
S1130450205344207072696E74696E67005344209F
S11304607072696E74696E672062797465200066C3
S1130470696C652E6F70656E206661696C656400D9
S113048046696C652073656C65637465640020530C
S1130490697A653A0046696C65206F70656E6564BB
S11304A03A00456E642066696C65206C697374005B
S11304B0426567696E2066696C65206C69737400B7
S11304C0556E6B6E6F776E20472D434F4D3A00206B
S11304D0593A00206F66737365747320583A005458
S11304E06F6F6C2054006572726F7220777269743A
S11304F0696E6720746F2066696C650D0A00446F2D
S11305006E6520736176696E672066696C652E007E
S11305106F6B0D0A00202F2000506C616E20427515
S1130520666665722053697A653A0046726565208D
S113053052616D3A20005374657070657220696E63
S1130540697400506C616E6E657220696E69740026
S11305504C6F61642073657474696E6773005344EF
S113056020537461727400537461727400312E33B9
S11305702E323354202F2032382E31302E32303167
S11305803300537072696E74657200566F6C756DCA
S1130590652073697A6520284D6279746573293AF8
S11305A020000A566F6C756D65207479706520693A
S11305B0732046415400556E6B6E6F776E0D0A00C2
S11305C0534448430D0A005344320D0A0053443146
S11305D00D0A000A4361726420747970653A200040
S11305E04F70656E20726F6F74206661696C65640C
S11305F00D0A00766F6C756D652E696E69742066E0
S113060061696C65640D0A00534420696E69742045
S11306106661696C0D0A0024F4D43050C38E20C284
S1130620A24017828B7011127A910D816CD90AA89D
S113063061E108C7586607615143061E4B5D05C159
S113064045A7041A411104093D9803713931034047
S113065036DB0265339102D4305402802E1D0263CE
S11306602CEE01752AC501B028A001102781018F45
S11306702564012B244B01E0223401AC211F018DA0
S1130680200D01801FFC00841EED00971DDF00B8C3
S11306901CD200E61BC600201BBC00641AB200B2C8
S11306A019A8000A19A0006A189900D117910040EE
S11306B0178B00B516840031167E00B31579003A05
S11306C0157300C7146F0058146A00EE136600888F
S11306D013630025135E00C7125B006C12570015EC
S11306E0125400C111510070114F0021114B00D65A
S11306F01049008D1047004610440002104200C00B
S11307000F4000800F3E00420F3C00060F3B00CB21
S11307100E3800930E37005C0E3500270E3400F3BC
S11307200D3200C10D3100900D3000600D2E0032ED
S11307300D2D00050D2C00D90C2B00AE0C290085C5
S11307400C29005C0C2700350C27000E0C2600E851
S11307500B2400C40B2400A00B23007D0B23005AA0
S11307600B2100390B2100180B2000F80A1F00D9B7
S11307700A1E00BB0A1E009D0A1D00800A1D00639C
S11307800A1C00470A1B002C0A1B00110A1A00F756
S1130790091A00DD091900C4091900AB09190092EE
S11307A00917007B091800630917004C0916003665
S11307B0091600200916000A091500F5081500E0BD
S11307C0081400CC081400B8081400A408140090FD
S11307D00813007D0812006B081300580812004625
S11307E00812003408110023081100120811000136
S11307F0081100F0071000E0071000D0071000C037
S1130800071000B0070F00A107100091070E008326
S1130810070F0074070F0065070E0057070E004905
S1130820070E003B070D002E070E0020070D0013D6
S1130830070D0006070D00F9060C00ED060D00E09B
S1130840060C00D4060C00C8060C00BC060C00B054
S1130850060C00A4060B0099060C008D060B008202
S1130860060B0077060B006C060B0061060A0057A6
S1130870060B004C060A0042060A0038060A002E3F
S1130880060A0024060A001A060A001006090007D0
S1130890060A00FD050900F4050900EB050900E25C
S11308A0050900D9050900D0050900C7050900BEDE
S11308B0050900B5050800AD050800A50509009C5B
S11308C0050800940508008C050800840508007CD0
S11308D0050800740508006C050700650508005D3F
S11308E0050700560508004E0507004705070040A8
S11308F005080038050700310507002A050700230D
S11309000507001C050600160507000F050700086B
S113091005060002050700FB040600F5040700EEC7
S1130920040600E8040600E2040700DB040600D520
S1130930040600CF040600C9040600C3040600BD73
S1130940040600B7040600B1040500AC040600A6C2
S1130950040600A00405009B04060095040500900D
S11309600406008A04050085040500800406007A54
S113097004050075040500700405006B0405006699
S1130980040500610405005C0405005704050052D9
S11309900405004D04050048040500430405003E19
S11309A00404003A04050035040500300404002C56
S11309B004050027040400230405001E0404001A8F
S11309C004040016040500110404000D04040009C5
S11309D00405000404040000040400FC030400F8FB
S11309E0030400F4030400F0030400EC030400E82F
S11309F0030400E4030400E0030400DC030400D85F
S1130A00030400D4030400D0030400CC030400C88E
S1130A10030300C503030024F404D9201BC40C5CA5
S1130A200E9804C4095F0265077101F405F900FB1F
S1130A3004B30048048700C1036900580355000348
S1130A40034500BE023A008402310053022A002901
S1130A5002250004022000E4011C00C8011900AFB3
S1130A600117009801140084011300710110006142
S1130A7001100051010E0043010D0036010B002B43
S1130A80010B0020010B00150109000C01090003F2
S1130A90010800FB000800F3000800EB000700E475
S1130AA0000600DE000600D8000600D2000600CCD6
S1130AB0000500C7000500C2000500BD000400B920
S1130AC0000400B5000400B1000400AD000400A956
S1130AD0000400A5000300A20003009F0004009B83
S1130AE000030098000300950002009300030090A7
S1130AF00003008D0002008B0003008800020086C2
S1130B0000020084000300810002007F0002007DD7
S1130B100002007B000200790002007700010076E9
S1130B200002007400020072000100710002006FF4
S1130B300002006D0001006C0002006A00010069FF
S1130B400002006700010066000100650001006406
S1130B500002006200010061000100600001005F0A
S1130B600002005D0001005C0001005B0001005A0E
S1130B70000100590001005800010057000100560F
S1130B80000100550001005400010053000000530F
S1130B900001005200010051000100500001004F0B
S1130BA00001004E0000004E0001004D0001004C09
S1130BB00001004B0000004B0001004A0001004905
S1130BC00001004800000048000100470001004601
S1130BD000000046000100450000004500010044FB
S1130BE000010043000000430001004200000042F5
S1130BF00001004100000041000100400001003FED
S1130C000000003F0001003E0000003E0001003DE6
S1130C100000003D0001003C0000003C0000003CDE
S1130C200001003B0000003B0001003A0000003AD4
S1130C3000010039000000390001003800000038CC
S1130C4000000038000100370000003700010036C2
S1130C5000000036000000360001003500000035B9
S1130C6000000035000100340000003400000034AE
S1130C7000010033000000330000003300010032A3
S1130C800000003200000032000100310000003199
S1130C90000000310001003000000030000000308E
S1130CA00001002F0000002F0000002F0000002F83
S1130CB00001002E0000002E0000002E0001002D77
S1130CC00000002D0000002D0000002D0001002C6C
S1130CD00000002C0000002C0000002C0001002B60
S1130CE00000002B0000002B0000002B0001002A54
S1130CF00000002A0000002A0000002A0001002948
S1130D00000000290000002900000029000000293B
S1130D10000100280000002800000028000000282E
S1130D200000002800010027000000270000002721
S1130D300000002700000027000100260000002614
S1130D400000002600000026000000260001002507
S1130D5000000025000000250000002500000025FB
S1130D6000000025000100240000002400000024ED
S1130D7000000024000000240001002300000023E0
S1130D8000000023000000230000002300000023D3
S1130D9000000023000100220000002200000022C5
S1130DA000000022000000220000002200010021B7
S1130DB000000021000000210000002100000021AB
S1130DC0000000210000002100010020000000209C
S1130DD0000000200000002000000020000000208F
S1130DE000000020000000200001001F0000001F80
S1130DF00000001F0000001F0000001F0000001F73
S1130E000000001F0001001E0000001E0000001E64
S1130E100000001E0000004E414E494E49545949FD
S1130E204E46CDCCCC3D0AD7233C17B7D13877CC2E
S1130E302B329595E6241FB14F0A00002041000093
S1130E40C84200401C4620BCBE4CCA1B0E5AAEC54C
S1130E509D748110FE10525911241FBECFEFD1E2B0
S1130E60DEBFCDBF14E0A0E0B2E0EAE6F3EC00E0C0
S1130E700BBF02C007900D92A636B107D9F720E147
S1130E80A6E6B4E001C01D92AB3DB207E1F71EE057
S1130E90C8E5DEE000E006C022970109FE010BBFB1
S1130EA00E94A15EC235D10780E00807A9F70E941D
S1130EB0C1080C94B3610C9400004FB7F894A89542
S1130EC028E1886020936000809360004FBF0895FC
S1130ED03FB7F894A89524B7277F24BF28E120932F
S1130EE06000109260003FBF0895FC010994982FA0
S1130EF0969596959695E92FFF27EE0FE90F08959D
S1130F0091E081FD94E080FD990F82FD9295089512
S1130F1090FD869592FD829591FF0895869586951C
S1130F200895E5DFB196ECDF60FD0DC010C0DFDF92
S1130F30B296E6DF60FD07C00AC0D9DFB096982FED
S1130F408081E6DF0895A081A92BA0830895A08164
S1130F509095A923A08308950F930FB70F931F9320
S1130F60EF93FF93009166041091670413950117A2
S1130F7019F40091CE000BC0109367041A95E8E6AB
S1130F80F4E00027E10FF01F0091CE000083FF91F1
S1130F90EF911F910F910FBF0F9118950F930FB7FA
S1130FA00F931F93EF93FF930091680510916905C8
S1130FB0011731F41091C9001F7D1093C9000BC0B3
S1130FC0EAE6F5E01127E00FF11F10811093CE003F
S1130FD0039500936805FF91EF911F910F910FBF47
S1130FE00F911895539A52981092660410926704C0
S1130FF01092680510926905E8ECFF2784839583B5
S113100082E0808386E0828388E9818308950E9458
S11310105308E8ECFF271182108286E08283148251
S113102015825398529808959091C90095FD07C070
S11310309091C80095FF03C08093CE0008959091CD
S113104069059395E09168059E17E1F39A95EAE6A0
S1131050F5E0E90FF11D80839395909369058091E4
S1131060C90080628093C9000895809166049091BC
S11310706704891711F4882708958FEF08959091D4
S11310806604809167048917E1F3E8E6F4E0E90F68
S1131090F11D80819395909366040895809167046F
S11310A08093660408958091690590916805891775
S11310B0E1F78091C80085FFFCCF98E288278A95E4
S11310C0F1F79A95E1F7089516BC8AEF87BD82E09F
S11310D084BD15BA82E080936E0083E085BD0895D7
S11310E08F938FB78F939F9380916A0690916B062D
S11310F0019680936A0690936B0648F480916C067F
S113110090916D06019680936C0690936D068FEF17
S1131110809372069F918F918FBF8F9118958091C4
S113112072068823B1F04FB7F89460916A06709103
S11311306B0680916C0690916D06109272064FBFFB
S113114060936E0670936F06809370069093710699
S1131150089560916E0670916F068091700690916B
S113116071060895009275060F90009274060F9010
S1131170009273060F92009074060F920090750609
S113118018950E94680781E00E94EE100E94864034
S11311900E947F44FDCF2F923F924F925F926F92B5
S11311A07F928F929F92AF92BF92CF92DF92EF92F3
S11311B0FF920F931F93CF93DF93CDB7DEB7C6543F
S11311C0D1090FB6F894DEBF0FBECDBF3C0178AB9A
S11311D06FA74A012BA30DA3E98EA9AABAAACBAA89
S11311E0DCAA422E512C1201220C331C220C331C7B
S11311F09A01220D331D21963FAF2EAF2197D901BD
S1131200CD90DD90ED90FC90FC01E20DF31D20816A
S1131210318142815381C701B6010E9472596FA383
S113122078A789A79AA710E0000F111F000F111FBC
S1131230F401E00FF11F2396FFAFEEAF23978080F8
S11312409180A280B380F301E00FF11F20813181EE
S113125042815381C501B4010E9472596BA77CA7D6
S11312608DA79EA7F98D8F2F90E0880F991F880F67
S1131270991FF301E80FF91F2081318142815381C5
S11312802B8F3C8F4D8F5E8FEFA5F8A9E80FF91FC8
S113129060817181828193810E9471596F8F78A3DB
S11312A089A39AA3AFA5B8A91C968D919D910D9081
S11312B0BC91A02D8DAB9EABAFABB8AFD3011C9648
S11312C02D913D914D915C911F9727962CAF3DAF89
S11312D04EAF5FAF27972601370177FA709477F8FE
S11312E07094A50194015058298B3A8B4B8B5C8BDD
S11312F0EFA5F8A9E20DF31D2FA138A549A55AA51C
S113130060817181828193810E9471596B017C019A
S1131310EFA5F8A9E00FF11F2BA53CA54DA55EA5EF
S113132060817181828193810E9471594B015C01BA
S1131330A7019601C301B2010E943F5D6D8B7E8BB4
S11313408F8B988FA501940169897A898B899C89EF
S11313500E943F5D9B01AC016D897E898F89988DC8
S11313600E9472596D8B7E8B8F8B988FA50194018F
S1131370C301B2010E943F5D4B015C01A7019601CC
S113138069897A898B899C890E943F5D9B01AC01A4
S1131390C501B4010E9471592D893E894F89588D28
S11313A00E94E5596B017C0120E030E0A9010E9414
S11313B04B5A882354F42BED3FE049EC50E4C70129
S11313C0B6010E9472596B017C01A0968FADA09763
S11313D0882351F02BED3FE049EC50E4C701B601FE
S11313E00E9471596B017C016F962CAD3DAD4EADE1
S11313F05FAD6F97C701B6010E943F5D2F8D38A185
S113140049A15AA15F770E947A5C4B015C012FE6E7
S113141032E143E85AE30E944B5A88230CF4E4C1B6
S1131420C501B4010E94285B0E94BF5A7AAF69AF1C
S11314306115710509F4B2C180E090E00E94EB5A95
S11314404B015C019B01AC01C701B6010E94525AD9
S11314506D8B7E8B8F8B988FA50194016F8D78A1F6
S113146089A19AA10E94525A6F8F78A389A39AA343
S113147027962CAD3DAD4EAD5FAD27976DA97EA9E6
S11314808FA998AD0E947159A50194010E94525AE6
S11314906DAB7EAB8FAB98AF20E030E040E05FE314
S11314A06D897E898F89988D0E943F5D2D893E8943
S11314B04F89588D0E943F5D9B01AC0160E070E054
S11314C080E89FE30E9471596BAF7CAF8DAF9EAFF4
S11314D0598D852F90E0FE01A4E05A9FE00DF11D87
S11314E011242B8D3C8D4D8D5E8D2183328343835E
S11314F0548327962CAD3DAD4EAD5FAD27972D8718
S11315003E874F87588B49AD5AAD4230510508F498
S113151045C1912C22242394312CA1E0B0E0AC0FDE
S1131520BD1FFBA1E4E0FE9FA00DB11D1124BCA3CF
S1131530ABA321E030E02C0F3D1F5DA144E0549F9C
S1131540200D311D11243EA32DA3880F991F880F50
S1131550991FA1E0B0E0AC0FBD1FA80FB91FBA8F4F
S1131560A98FBAE09B1619F0EFE09E1202C00E9408
S1131570302BF8E1F9150CF442C02BAD3CAD4DAD68
S11315805EAD69897A898B899C890E943F5D6B0174
S11315907C012D893E894F89588DC301B2010E9477
S11315A03F5DA70196010E947259A62EB72E082FFF
S11315B0192F2BAD3CAD4DAD5EADC301B2010E9400
S11315C03F5D6B017C012D893E894F89588D698966
S11315D07A898B899C890E943F5D9B01AC01C7017C
S11315E0B6010E9471592B013C0193948A2D9B2DC5
S11315F0A02FB12F898B9A8BAB8BBC8B6AC0B101A6
S113160080E090E00E94EB5A2D893E894F89588DE5
S11316100E943F5D4B015C010E944F5A6B017C01AB
S1131620C501B4010E94A25D4B015C012196EEAD9F
S1131630FFAD219780819181A281B3819C01AD018D
S11316405058298B3A8B4B8B5C8B2396AEADBFAD38
S113165023978D919D910D90BC91A02D8B8F9C8F84
S1131660AD8FBE8FA701960169897A898B899C8980
S11316700E943F5D2B013C01A50194016B8D7C8D83
S11316808D8D9E8D0E943F5D9B01AC01C301B20113
S11316900E9472592B013C0129893A894B895C8942
S11316A0C501B4010E943F5D4B015C012B8D3C8D53
S11316B04D8D5E8DC701B6010E943F5D9B01AC015B
S11316C0C501B4010E947159698B7A8B8B8B9C8BF9
S11316D0912CA30192016FA178A589A59AA50E94D6
S11316E07259EBA1FCA1608371838283938329895E
S11316F03A894B895C896BA57CA58DA59EA50E9422
S11317007259ADA1BEA16D937D938D939C93139754
S11317102F8D38A149A15AA1E98DFA8D608171817B
S1131720828193810E947259A98DBA8D6D937D93A4
S11317308D939C9313972D853E854F8558896DA96C
S11317407EA98FA998AD0E9472595B016C016D87C7
S11317507E878F87988BE984FA840B851C852D817D
S11317603E814F81588569817A818B819C81BCA996
S1131770BF93EBA9EF93FAA9FF93A9A9AF930E9492
S1131780032FBFEF2B1A3B0A0F900F900F900F906F
S1131790E9ADFAAD2E163F0609F0E3CEAFA5B8A920
S11317A01C96AD90BD90CD90DC901F971896ED904F
S11317B0FD900D911C911B9714962D913D914D9187
S11317C05C9117976D917D918D919C91BCA9BF936C
S11317D0EBA9EF93FAA9FF93A9A9AF930E94032F52
S11317E00F900F900F900F90CA5BDF4F0FB6F894D5
S11317F0DEBF0FBECDBFDF91CF911F910F91FF9040
S1131800EF90DF90CF90BF90AF909F908F907F909C
S11318106F905F904F903F902F900895862F0E9475
S113182014080895862F0E94140808954F925F9219
S11318306F927F928F929F92AF92BF92CF92DF92DC
S1131840EF92FF920F931F93CF93DF93CDB7DEB741
S1131850A0970FB6F894DEBF0FBECDBF8C01CB01AD
S1131860BA01611571058105910509F457C0422E2D
S1131870512C612C712C9E012F5F3F4F7901812CDB
S1131880912C54013FEF831A930AA30AB30AA301CC
S113189092010E94295EF70161937F01B901CA0197
S11318A0611571058105910569F775016401F1E020
S11318B0CF1AD108E108F1080FC0605DC8010E9489
S11318C0120CD701C6010197A109B109CD28CE2870
S11318D0CF2869F06C017D01E1E0F0E0EC0FFD1F21
S11318E0EC0DFD1D60816A3040F3695CE7CFA09682
S11318F00FB6F894DEBF0FBECDBFDF91CF911F911D
S11319000F91FF90EF90DF90CF90BF90AF909F909A
S11319108F907F906F905F904F90089560E3C8011F
S1131920A0960FB6F894DEBF0FBECDBFDF91CF9166
S11319301F910F91FF90EF90DF90CF90BF90AF90E9
S11319409F908F907F906F905F904F900C94120CAB
S11319502AE00E94160C0895CF92DF92EF92FF9234
S1131960CF93DF93EC016A017B0177FD0CC02AE081
S1131970B701A601CE01DF91CF91FF90EF90DF90E8
S1131980CF900C94160C6DE20E94120CF094E0942B
S1131990D094C094C11CD11CE11CF11CE8CFAB0154
S11319A0662757FD6095762F0E94AC0C08958F92A0
S11319B09F92AF92BF92CF92DF92EF92FF921F93CA
S11319C0CF93DF93EC016A017B01B22E20E030E07B
S11319D0A901C701B6010E944B5A87FD5EC0BB2016
S11319E009F464C010E060E070E080E09FE320E070
S11319F030E040E251E40E94525A1F5F1B11F7CFBE
S1131A009B01AC01C701B6010E9472596B017C01B4
S1131A100E94BF5A4B015C010E94EB5A9B01AC012E
S1131A20C701B6010E9471596B017C01B501A40183
S1131A30CE010E94A80C6EE2CE010E940E0C20E0A2
S1131A4030E040E251E4C701B6010E943F5D6B0102
S1131A507C010E94BA5A4B015C01CE010E94CF0C5A
S1131A60B401882777FD8095982F0E94ED5A9B0139
S1131A70AC01C701B6010E9471596B017C01115080
S1131A80F1F6DF91CF911F91FF90EF90DF90CF900F
S1131A90BF90AF909F908F9008956DE2CE010E9409
S1131AA0120CF7FAF094F7F8F09499CF20E030E0B4
S1131AB040E05FE3C701B6010E9472590E94BF5A19
S1131AC0AB01BC01CE01DF91CF911F91FF90EF904C
S1131AD0DF90CF90BF90AF909F908F900C94A80C04
S1131AE02115310529F02A30310529F00C94160C02
S1131AF0642F0C94120C0C94AC0C0F931F93CF9383
S1131B00DF938C01EB016881662339F02196C801CB
S1131B100E940E0C69916111FACFDF91CF911F9150
S1131B200F9108950F931F93CF93DF93EC018B01D3
S1131B300F5F1F4FAB01662757FD6095762F6BBF74
S1131B40FA016791662379F0CE010E940E0CA80178
S1131B50662757FD6095762F6BBFFA0167910F5F7B
S1131B601F4F6111F1CFDF91CF911F910F91089514
S1131B70CF92DF92EF92FF92C0900007D0900107BE
S1131B80E12CF12C60E070EB8FEF9FEFA701960141
S1131B900E944B5E309303022093020260E070E5E2
S1131BA080E090E0A70196010E944B5E3093010211
S1131BB020930002FF90EF90DF90CF900895AF92B2
S1131BC0BF92DF92EF92FF920F931F93CF93DF9315
S1131BD08B015A01423051050CF44EC0EB012E81A9
S1131BE03F8128173907ECF5DB01149641E050E0FA
S1131BF0E1E0F0E0DD24D3940FC04D2D50E0D80196
S1131C00D4E0DD9EA00DB11D112412962D913C91BE
S1131C101397281739073CF54150504C440F551F72
S1131C20440F551F400F511FEA016A817B81E880F0
S1131C30F980AC01461B570B0D90BC91A02DAE1939
S1131C40BF094A9FC0014B9F900D5A9F900D1124CC
S1131C50A901461B570BBA010E94155E6E0D7F1D2C
S1131C6011C0DD24D394D394ED2DF0E0EA15FB05E7
S1131C7024F260E070E006C0E1E0F0E0DD24D394FB
S1131C8060E070E0EA15FB0569F48D2D90E0815069
S1131C90904C880F991F880F991FF801E80FF91FBE
S1131CA0608171818FEF93E0861B970BDF91CF9159
S1131CB01F910F91FF90EF90DF90BF90AF90089528
S1131CC0AF92BF92DF92EF92FF920F931F93CF9345
S1131CD0DF938B015A014FEF53E0481B590B22E06D
S1131CE0A216B1040CF44EC0EB012C813D814217C5
S1131CF05307ECF5DB01149681E090E0E1E0F0E0BD
S1131D00DD24D3940EC08D2D90E0D801D4E0DD9E67
S1131D10A00DB11D11242D913C9111974217530729
S1131D2044F58150904C880F991F880F991F800F9C
S1131D30911FEC0168817981EA80FB80461B570B77
S1131D4012960D90BC91A02DAE19BF094A9FC001F7
S1131D504B9F900D5A9F900D1124A901461B570BC0
S1131D60BA010E94155EC701860F971F11C0DD24BA
S1131D70D394D394ED2DF0E0EA15FB0524F280E032
S1131D8090E006C0E1E0F0E0DD24D39480E090E050
S1131D90EA15FB0569F48D2D90E08150904C880F75
S1131DA0991F880F991FF801E80FF91F8281938109
S1131DB0DF91CF911F910F91FF90EF90DF90BF9033
S1131DC0AF9008958F929F92AF92BF92EF92FF923D
S1131DD00F931F93CF93DF93EC011C860A811B8121
S1131DE08E819F81F801E81BF90B288539857C01D8
S1131DF0E21AF30A998788872091FE063091FF063C
S1131E00DF010E94875E4B015C0199232CF42FEFC4
S1131E10820E911CA11CB11C892C9A2CAB2CBB24C6
S1131E20A7FCBA942BEB30E0D8010E94875E472FC1
S1131E30582F692F772767FD7A954B5151094F3FEA
S1131E40510514F04FEF50E0840E951EEE31F1056C
S1131E506CF5AA85BB85AE0FBF1F2091000230919F
S1131E6001028091020290910302A817B9072CF095
S1131E702A173B071CF4D90101C0DC01BB87AA87E0
S1131E8020910007309101070E94875E8B019C011D
S1131E90992324F401501F4F2F4F3F4FBB2737FD89
S1131EA0BA95A32F922F812F880E991ECF01FF235D
S1131EB024F4882799278E1B9F0B8235910544F0C3
S1131EC061E570E00E94155ECB01E5E0F0E002C040
S1131ED0E1E0F0E08A30910534F069E070E00E94BE
S1131EE0155ECB01329604970CF0319620910207CF
S1131EF030910307D7010E94875E3E2F2227442793
S1131F0037FD4095542F0E944B5E280D391D2F3FFD
S1131F10310519F014F02FEF30E0332314F420E0EE
S1131F2030E02C87DF91CF911F910F91FF90EF90BC
S1131F30BF90AF909F908F9008950F931F93CF936E
S1131F40DF93EB010E948F0800917F0610918006B9
S1131F502091810630918206DC01CB01801B910B1C
S1131F60A20BB30B843F9140A105B10508F4C4C092
S1131F700E948F0860937F06709380068093810689
S1131F809093820610927C00EAE7F0E080818064FE
S1131F908083808186FDFDCF209178003091790087
S1131FA08FEF93E0821B930B909395068093940696
S1131FB044E250E06EE273E00E94600E9093970654
S1131FC08093960680E996E00E94E20E88819981CA
S1131FD0892B29F480919C0680939A0014C069E1AE
S1131FE073E086E796E00E947D0D8DE00E94140860
S1131FF08AE00E941408109293061092920680912F
S11320009C0680939A000E948F0800917B06109191
S11320107C0620917D0630917E06DC01CB01801B7D
S1132020910BA20BB30B88389341A105B10508F4B9
S113203063C00E948F0860937B0670937C06809334
S11320407D0690937E0682E080937C00EAE7F0E0D0
S1132050808180648083808186FDFDCF80917800BB
S1132060909179000FEF13E0081B190B1093880669
S11320700093870644E250E06EE273E0C8010E94D8
S1132080600E90938A0680938906809179069091D8
S11320907A060817190744F41092840610928306EE
S11320A010928606109285068091770690917806A4
S11320B08017910744F410928406109283061092BC
S11320C086061092850688819981892B89F48091EE
S11320D0830690918406081719072CF48FEF90E07B
S11320E08093980009C080E090E08093980004C039
S11320F080E090E080939800DF91CF911F910F9141
S1132100089544E250E06EE273E085E090E00E94BE
S1132110DF0D90937A068093790644E250E06EE2F4
S113212073E083E191E00E94DF0D90937806809341
S11321307706089512B88FED81B988E185B987EEE5
S113214084B98FEF88B99FE397B98BB99BEF9AB99C
S113215093EC9EB92CE32DB99EB998EF91BB10BABC
S113216084BB13BA87E080937E0087E880937A006B
S113217010927B0016BC8AEF87BD82E084BD15BA3D
S113218080936E0083E085BD80E090E080938800BA
S113219080938A0081EA809380008BE080938100A1
S11321A080E090E080939A0080939C008093980054
S11321B089EA809390008BE0809391001092A000B4
S11321C08AE08093A1001092A5001092A40080EDF3
S11321D097E09093A9008093A8000895882319F0AC
S11321E0E4E8F2E002C0E4E0F2E080E8AAEAB6E063
S11321F001900D928A95E1F7089508958F929F9228
S1132200AF92BF92CF92DF92EF92FF9220918C0215
S113221030918D0240918E0250918F0260E070E007
S11322208AEF93E40E94525A6B017C012091880248
S11322303091890240918A0250918B0260E070E0F3
S11322408AEF93E40E94525AA70196010E943B5BD5
S11322504B015C016093CC027093CD028093CE025B
S11322609093CF022091900230919102409192027A
S11322705091930260E070E08AEF93E40E94525A16
S11322806B017C016093D0027093D1028093D202DF
S11322909093D3022091940230919502409196023A
S11322A05091970260E070E08AEF93E40E94525AE2
S11322B06093D4027093D5028093D6029093D70290
S11322C080924C0290924D02A0924E02B0924F0224
S11322D0C0925002D0925102E0925202F092530204
S11322E06093540270935502809356029093570260
S11322F0FF90EF90DF90CF90BF90AF909F908F9022
S113230008958EBD0DB407FEFDCF08958FEF0E9492
S113231081118EB50895179A089517980895CF934B
S1132320DF93EC018D81882309F18FEF8EBD8E81BF
S11323309F819C012F5F3F4F3F832E8381309240CA
S113234070F44FEF0DB407FEFDCF4EBD2E813F81DB
S1132350C90101969F838E832130324098F30DB4D6
S113236007FEFDCFCE010E948B111D82DF91CF911C
S11323700895673028F026E1FC01248380E0089565
S113238060FD02C0663021F48DB58E7F8DBD03C023
S11323908DB581608DBD8CB58C7F8CBD9CB562FF85
S11323A002C082E001C080E066956170692B682BF1
S11323B06CBD81E008950F931F93CF93DF93EB01DE
S11323C00E948F088B010E9486118F3F41F00E946A
S11323D08F08601B710B6C177D07A8F302C081E0A6
S11323E001C080E0DF91CF911F910F910895BF92BA
S11323F0CF92DF92EF92FF920F931F93CF93DF93CD
S11324008C01B62E69017A010E948F11C8010E94C5
S11324108D116CE271E0C8010E94DB118B2D806488
S11324200E948111C8E1D0E0D701C6010C2E04C07E
S1132430B695A795979587950A94D2F70E9481112E
S11324402897C83F8FEFD80779F7BB2029F0E8E039
S1132450BE1621F08FEF03C085E901C087E80E9412
S11324608111C0E00E948611F8018187882324F439
S1132470CF3F11F0CF5FF6CFDF91CF911F910F9136
S1132480FF90EF90DF90CF90BF900895AF92BF92EE
S1132490CF92DF92EF92FF920F931F93CF93DF932C
S11324A0EC01B62E1A8618861D821C820E948F08A3
S11324B08B01209A0F9ACE010E948B112398229AA5
S11324C0219A83E58CBD8DB58E7F8DBD0F2EFAE0EC
S11324D0AF2EF02D8FEF0E948111AA94D9F70AC074
S11324E00E948F08601B710B613D774018F081E0FA
S11324F08C836DC020E030E0A90160E0CE010E9431
S1132500F7118987813061F72AEA31E040E050E031
S113251068E0CE010E94F71182FF03C081E08A8740
S11325200FC06894FF24F2F80E9486118987FA94F8
S1132530D9F78A3A19F082E08C8349C082E08A870D
S11325408A85823031F4C12CD12C76016894F6F856
S11325500EC0C12CD12C76010AC00E948F08601BCA
S1132560710B613D774018F088E08C8330C020E027
S113257030E0A90167E3CE010E94F711A70196019B
S113258069E2CE010E94F71189878111E6CF8A851D
S11325908230A1F420E030E0A9016AE3CE010E9478
S11325A0F711882319F086E08C8311C00E948611EC
S11325B0807C803C81F483E08A870DC0CE010E9438
S11325C08B116B2DCE010E94B911A82E0BC0CE0128
S11325D00E948B1107C00E9486110E9486110E94DE
S11325E08611ECCF8A2DDF91CF911F910F91FF902F
S11325F0EF90DF90CF90BF90AF9008950F931F930B
S1132600CF93DF93EC010E948F088B010AC00E94D4
S11326108F08601B710B6D32714018F08FE08C8352
S113262009C00E94861189878F3F89F38E3F39F054
S11326308DE08C83CE010E948B1180E001C081E08B
S1132640DF91CF911F910F910895CF92DF92EF9276
S1132650FF920F931F93CF93DF93EC016901011550
S1132660110509F483C0C801820F931F8130924081
S113267008F077C08D81882371F088819981AA81BF
S1132680BB8184179507A607B70729F48E819F811C
S1132690C816D90628F5488359836A837B838A85BB
S11326A0833049F0032E39E0440F551F661F771F0E
S11326B03A95D1F7302D9A01AB0161E1CE010E9428
S11326C0F711882319F083E08C834BC0CE010E945C
S11326D0FE12882309F445C01F821E8281E08D8387
S11326E08FEF8EBD8E819F818C159D0568F42FEF31
S11326F00DB407FEFDCF2EBD8E819F8101969F8371
S11327008E838C159D05A0F3980121503109211564
S1132710310571F0F70180E090E05FEF0DB407FE42
S1132720FDCF4EB541935EBD019682179307B0F37A
S11327300DB407FEFDCF8EB5F701E20FF31F8083C2
S11327408E819F81080F191F1F830E83888588231C
S113275019F00115124060F0CE010E948F1181E042
S113276008C0CE010E948B1180E003C081E001C04B
S113277081E0DF91CF911F910F91FF90EF90DF9057
S1132780CF900895EF92FF920F931F93790100E089
S113279012E020E030E00E9425131F910F91FF907A
S11327A0EF900895CF93DF93EC016EBD9A012F5FF4
S11327B03F4F4F5F5D4F0DB407FEFDCFF901D901C7
S11327C011978C918EBD0DB407FEFDCF80818EBD17
S11327D02E5F3F4F2417350771F70DB407FEFDCF69
S11327E08FEF0E9481118FEF0E9481110E94861148
S11327F089878F71853039F081E18C83CE010E9405
S11328008B1180E001C081E0DF91CF9108950F9397
S11328101F93CF93DF93EC018901411551056105A5
S1132820710519F482E18C833DC08A85833049F0B7
S1132830032E39E0440F551F661F771F3A95D1F7D1
S1132840302D9A01AB0168E1CE010E94F711882373
S113285019F084E08C8326C0A8016EEFCE010E949B
S1132860D2138823F9F068E572E0CE010E94DB11EF
S1132870811103C085E18C8315C020E030E0A901FB
S11328806DE0CE010E94F711811104C00E948611EF
S1132890882319F084E18C8305C0CE010E948B113A
S11328A081E004C0CE010E948B1180E0DF91CF91C2
S11328B01F910F910895CF93DF93EC019C012D5F3D
S11328C03F4F41E050E060E070E0888D998D0E94B8
S11328D054218823A9F04C895D896E897F89452B11
S11328E0462B472B79F44B815C816D817E814C8B27
S11328F05D8B6E8B7F8B89818068898381E003C0C7
S113290080E001C081E0DF91CF910895CF92DF9202
S1132910EF92FF921F93CF93DF93EC010E945B141D
S1132920882309F44BC0E88DF98DCB80DC80ED80E1
S1132930FE8082E0C81AD108E108F108058404C0C9
S1132940CC0CDD1CEE1CFF1C0A94D2F786859785FF
S1132950A089B189C80ED91EEA1EFB1E1481112359
S113296089F081E0C81AD108E108F108C701B6016D
S1132970610F711D811D911D0E94731F882301F138
S11329801150A1F7E88DF98D80E092E0A0E0B0E06D
S1132990058404C0880F991FAA1FBB1F0A94D2F78D
S11329A0488959896A897B89840F951FA61FB71F97
S11329B0888B998BAA8BBB8B81E003C080E001C01C
S11329C080E0DF91CF911F91FF90EF90DF90CF9047
S11329D00895CF93DF93EC01462F6B857C858D851D
S11329E09E850E94361F882341F08F8520E2829FB6
S11329F0C00111248D5C984F02C080E090E0DF910B
S1132A00CF9108951F93CF93DF93382FFB018BE071
S1132A1020E221938150E9F7A32FB92F50E0C7E0BA
S1132A2018E0DAE022ED31E021C04E3211F0F90174
S1132A3008C0CA3021F1512FCD2F18C03196491743
S1132A40F1F094919111FACFC517C8F09FED940F4E
S1132A509E35A8F491E0950FFB01E50FF11D5FE9A8
S1132A60540F5A3108F440524083592F4D9141116B
S1132A70DCCF81E0FB019081903209F480E0DF91AA
S1132A80CF911F9108950F931F93CF93DF93EC0180
S1132A908B018A8181114EC0FB018789803119F530
S1132AA082E08A831C8A1D8A1E8A1F8A408D518D6A
S1132AB060E070E0440F551F661F771F440F551FD9
S1132AC0661F771F440F551F661F771F440F551F3E
S1132AD0661F771F440F551F661F771F488B598B3E
S1132AE06A8B7B8B15C0803239F583E08A83FB01C6
S1132AF0428D538D648D758D4C8B5D8B6E8B7F8B6E
S1132B009E01205F3F4FC8010E9425208823B1F019
S1132B10198F088F81E089831B821C821D821E828B
S1132B201F82188619861A861B861C861D861E8699
S1132B301F8605C080E003C080E001C080E0DF9113
S1132B40CF911F910F910895BF92CF92DF92EF9290
S1132B50FF920F931F93CF93DF937C01B62EEC016A
S1132B60C12CD12C8E018881803261F088E0C8129A
S1132B7004C08EE20E941408D394F80180810E945C
S1132B801408D394C3942196FBE0CF12EBCFF70142
S1132B9083858871803121F48FE20E941408D394D4
S1132BA0DB1430F480E20E941408D394DB14D0F3D5
S1132BB0DF91CF911F910F91FF90EF90DF90CF9015
S1132BC0BF900895CF93DF9300D01F92CDB7DEB7A7
S1132BD09DEC899F912D112496959695969520E3C9
S1132BE0290F2983990F292F220F220F920F891B56
S1132BF0805D8A831B82BE016F5F7F4F86E796E00C
S1132C000E947D0D0F900F900F90DF91CF9108954A
S1132C10CF93DF93EC01AC01452F552746954454DF
S1132C20584F60E070E02AE086E796E00E94160CB8
S1132C308DE20E941408CE0196958795929582950F
S1132C408F7089279F7089278F700E94E2158DE20B
S1132C500E9414088C2F8F710E94E215DF91CF918E
S1132C600895CF93DF93EC018D2F869586958695F5
S1132C700E94E2158AE30E941408CE019695879576
S1132C80929582958F7089279F7089278F730E94F0
S1132C90E2158AE30E9414088C2F8F71880F0E941A
S1132CA0E215DF91CF9108952F923F924F925F9258
S1132CB06F927F928F929F92AF92BF92CF92DF9248
S1132CC0EF92FF920F931F93CF93DF9300D000D026
S1132CD000D0CDB7DEB79E838D833B015A834983F1
S1132CE0DC0112968C911297882309F411C1119674
S1132CF08C91119780FF0FC150964D915D916D910C
S1132D007C91539717968D919D910D90BC91A02D18
S1132D10E981FA814F01A12CB12C8A019B01081B86
S1132D20190B2A0B3B0B081519052A053B0528F43A
S1132D308A01081B190B1A83098329813A812115F9
S1132D40310509F4E2C059018D819E8103969C836B
S1132D508B83412C6894552451F822242394312CDC
S1132D60ED81FE8187819085A185B2854C01F1E0DA
S1132D709F22ED81FE8122812230D9F4AC01BD0174
S1132D80032E39E076956795579547953A95D1F78F
S1132D90302D008CF18DE02D828D938DA48DB58D19
S1132DA08A019B01080F191F2A1F3B1FC901B80183
S1132DB059C0ED81FE81E08CF18CF701D480DA9466
S1132DC08C019D010F2EF9E03695279517950795EF
S1132DD0FA95D1F7F02DD0228114910409F5D11080
S1132DE01FC0892B8A2B8B2B59F4ED81FE8184899A
S1132DF09589A689B78983839483A583B68310C0F4
S1132E00AD81BE8113964D915D916D917C91169724
S1132E102B813C81C7010E949A1F882309F47EC03C
S1132E20ED81FE81208D318D83819481A581B681D0
S1132E300297A109B109F901058404C0880F991FFB
S1132E40AA1FBB1F0A94D2F70685178520893189EA
S1132E50800F911FA21FB31FBC01CD016D0D711D09
S1132E60811D911D92012819390965012A153B0517
S1132E7008F46901AD81BE8111962C9126FD05C02F
S1132E80C114B2E0DB0609F060C0009104031091A4
S1132E900503209106033091070360177107820729
S1132EA0930709F044C051C06C0C7D1C1CC0B401D4
S1132EB06D5C784F9B012C0D3D1D6217730799F0D3
S1132EC0FB01D301C90141914D93E817F907D9F7E3
S1132ED04B01EFEF8E1A9E0AC10188199909280F38
S1132EE0391F620E731EED81FE8187819085A18555
S1132EF0B2858C0D9D1DA11DB11D87839087A1876F
S1132F00B287AC18BD0809F02BCF89819A8123C000
S1132F108FEF9FEF20C08FEF9FEF1DC08FEF9FEFCC
S1132F201AC08FEF9FEF17C08FEF9FEF14C073018C
S1132F3086019401AB01BC01809131079091320765
S1132F400E9425138111B0CFECCF40E00E94361FC0
S1132F508111ADCFE9CF26960FB6F894DEBF0FBE30
S1132F60CDBFDF91CF911F910F91FF90EF90DF9034
S1132F70CF90BF90AF909F908F907F906F905F9015
S1132F804F903F902F900895CF92DF92EF92FF924F
S1132F900F931F93CF93DF931F92CDB7DEB78C01AE
S1132FA0FC018281823060F1C780D084E184F284A4
S1132FB041E050E0BE016F5F7F4FC8010E9454168C
S1132FC0019709F5F80187819085A185B2854F960F
S1132FD0A11DB11D87839087A187B287D701C60140
S1132FE0689414F8B695A795979587951694D1F794
S1132FF08F70F0E28F9FC00111248D5C984F05C043
S113300080E090E002C080E090E00F90DF91CF91EB
S11330101F910F91FF90EF90DF90CF9008954F9202
S11330205F926F927F928F929F92AF92BF92CF9254
S1133030DF92EF92FF920F931F93CF93DF93EC01F4
S11330404A015B012A81222309F481C08889998974
S1133050AA89BB8984179507A607B70708F479C01E
S1133060223031F44F83588769877A8781E074C0AE
S1133070411551056105710551F41B821C821D82A5
S11330801E821F82188619861A8681E065C08F8188
S11330909885A985BA85E88DF98DC584D12C29E058
S11330A0C20ED11CAC01BD01415051096109710925
S11330B00C2C04C076956795579547950A94D2F7DA
S11330C095018401015011092109310928013901AF
S11330D004C07694679457944794CA94D2F77301C2
S11330E06201441655066606770620F0892B8A2B62
S11330F08B2B49F48C899D89AE89BF898B839C83F2
S1133100AD83BE8316C0C41AD50AE60AF70A11C0F5
S11331104B815C816D817E819801888D998D0E949F
S11331209A1F21E0C21AD108E108F108811104C0F4
S113313012C08E010D5F1F4FC114D104E104F104CC
S113314039F78F829886A986BA8681E005C080E027
S113315003C080E001C080E0DF91CF911F910F9107
S1133160FF90EF90DF90CF90BF90AF909F908F90A3
S11331707F906F905F904F9008950F931F93CF931C
S1133180DF93EC018A818823C1F18981882394F536
S113319061E0CE010E94E9148C01009781F18A81DB
S11331A0823048F488899989AA89BB89F801848F77
S11331B0958FA68FB78F8C899D89F801938F828F05
S11331C04C895D896E897F89758B648BE0912A07B0
S11331D0F0912B07309759F0B8016A5E7F4FC80110
S11331E048960995F801808D918D938B828B898106
S11331F08F7789830E94F71E03C080E001C080E0BE
S1133200DF91CF911F910F910895CF93DF93EC013C
S11332100E94BD18882319F01A8281E001C080E061
S1133220DF91CF9108954F925F926F927F92AF9208
S1133230BF92CF92DF92EF92FF920F931F93CF939F
S1133240DF9300D000D0CDB7DEB75C016A017B010B
S1133250DC0112968C911297813009F09DC0119671
S11332608C91119781FF9AC050968D919D910D90EC
S1133270BC91A02D84179507A607B70708F490C042
S1133280892B8A2B8B2B09F48DC0F5014780508440
S113329061847284C5010E940F18882309F484C0D4
S11332A0C114D104E104F104B1F4D50154964D9153
S11332B05D916D917C91579758968D919C915997FA
S11332C00E947722882309F471C0F501148A158AB3
S11332D0168A178A42C0D50113964D915D916D915E
S11332E07C9116979E012F5F3F4F58968D919C912C
S11332F059970E949A1F882371F149815A816B81E1
S11333007C81D5015896ED91FC915997878980313C
S113331029F408EF1FEF20E030E004C008EF1FEFAE
S11333202FEF3FE04017510762077307B0F4CF0156
S11333300E947722882379F0F501438154816581C5
S113334076810FEF1FEF2FEF3FE0808D918D0E946C
S1133350AB20811102C080E02CC0D5015096CD92E3
S1133360DD92ED92FC92539711968C91119780689F
S113337011968C93C5010E94BD188823C9F0B7012A
S1133380A6014C145D046E047F0410F4B301A20181
S1133390C5010E940F180DC080E00BC080E009C079
S11333A080E007C081E005C080E003C080E001C088
S11333B080E00F900F900F900F90DF91CF911F91AD
S11333C00F91FF90EF90DF90CF90BF90AF907F90E0
S11333D06F905F904F900895FF920F931F93CF9338
S11333E0DF93EC01F42E80E2689FF0011124ED5C80
S11333F0F84F8385817121F0842F827409F053C0C2
S11334006F878091040390910503A0910603B09106
S113341007038B879C87AD87BE870489158920E0C5
S113342030E09801112700270C8B1D8B2E8B3F8BCE
S1133430428D538D60E070E0402B512B622B732B37
S11334404C8B5D8B6E8B7F8B8385887159F4848D57
S1133450958DA68DB78D888B998BAA8BBB8B81E0BC
S11334608A830DC0803109F59E01205F3F4F888D0E
S1133470998D0E9425208823D1F084E08A838F2DA2
S11334808F7089831B821C821D821E821F82188674
S113349019861A86F6FE0DC040E050E0BA01CE014E
S11334A00E94131907C080E005C080E003C080E0DB
S11334B001C081E0DF91CF911F910F91FF9008959A
S11334C09F92AF92BF92CF92DF92EF92FF920F93AF
S11334D01F93CF93DF93CDB7DEB72B970FB6F89436
S11334E0DEBF0FBECDBF6C017B01922EFC01828139
S11334F08111C1C0BE016F5F7F4FCA010E940215D6
S1133500882309F4BAC0F701808D918DF601918F5B
S1133510808FF70113821482158216821782108617
S113352011861286B12CAA24A3943FC0689414F87F
S113353036952795179507951694D1F70F70C701FF
S11335400E94C417009709F49AC0FC012081222329
S113355011F0253EB1F4B1100FC0F6010787409178
S11335600403509105036091060370910703438798
S1133570548765877687BA2CFC018081811115C038
S113358023C04BE050E0BC01CE0101960E947E6155
S1133590892B59F4892D8073803309F472C0492D25
S11335A0602FC6010E94EC1977C0F70107811085CE
S11335B02185328580899189A289B38908171907E1
S11335C02A073B0708F4B2CF892D8271823109F0B2
S11335D05AC0BB2041F061E0C6010E94E9148C018D
S11335E0009781F452C0F7018281823009F44FC000
S11335F0C7010E948614882309F44BC0F60117867C
S113360003E317E080E2F80111928A95E9F78BE071
S1133610FE013196D80101900D928A95E1F7E0916F
S11336202A07F0912B07309739F0B801625F7F4F7A
S1133630C8014096099509C081E298E2F801918B8E
S1133640808B80E098E097878687F801808991894C
S1133650938B828B918F808F86859785978B868BB2
S11336600E94F71E8823B9F0492DF6016785C6012B
S11336700E94EC1911C080E00FC080E00DC080E012
S11336800BC080E009C080E007C080E005C080E096
S113369003C080E001C080E02B960FB6F894DEBF33
S11336A00FBECDBFDF91CF911F910F91FF90EF908F
S11336B0DF90CF90BF90AF909F900895DF92EF92EC
S11336C0FF920F931F93CF93DF93EC018B017A0149
S11336D0D22E8A8181112CC0822F8073803351F1C4
S11336E0FB01808D918D998F888F440F551F4295D2
S11336F05295507F5427407F542760E070E0C80102
S11337000E940F188823C1F0C8010E94C4170097B3
S1133710A9F0FC018081882399F0853E99F08E32CE
S113372099F06E2D6F704D2DCE010E94EC190DC0D5
S113373080E00BC080E009C080E007C080E005C0E5
S113374080E003C080E001C080E0DF91CF911F9151
S11337500F91FF90EF90DF9008952F923F924F9238
S11337605F926F927F928F929F92AF92BF92CF920D
S1133770DF92EF92FF920F931F93CF93DF93CDB716
S1133780DEB76B970FB6F894DEBF0FBECDBF6C01EA
S1133790B62EFC01138214821582168217821086BB
S11337A011861286E42EF12CF62FF3708F2E862FBD
S11337B08170982EE62FE470AE2E4E5F4B8FF62F5D
S11337C0F2707F2E0F2EFEE06F2EF02D5DC0F801FB
S11337D08081882309F48AC0853E09F455C08E325D
S11337E009F452C0838583FD4FC01E141F0464F482
S11337F0412C80E20E9414084394842D992787FD6C
S113380090958E159F05ACF3882011F0662D01C0AC
S113381060E0C8010E94A415992069F0F801808D28
S1133820918D0E94081680E20E941408F80186898E
S113383097890E943116F80183858871803111F0CF
S113384071102AC08DE00E9414088AE00E941408B6
S1133850AA20D1F0F801838588718031A9F42AC0A7
S11338604B8D6B2DCE0101960E94AD1BA101440F1F
S1133870551F42955295507F5427407F542760E04E
S113388070E0C6010E940F18C6010E94C4178C0183
S1133890009709F09CCF2AC080E20E941408F80126
S11338A0448D558D668D778D2AE086E796E00E94DB
S11338B0160CC8CFF60147815085618572851A01BF
S11338C02B01689414F856944794379427941694CB
S11338D0D1F71B82A1014150510921E0B601CE016B
S11338E001960E945E1B882309F2BACF6B960FB62D
S11338F0F894DEBF0FBECDBFDF91CF911F910F9122
S1133900FF90EF90DF90CF90BF90AF909F908F90FB
S11339107F906F905F904F903F902F900895CF933A
S1133920DF93EC0140E050E0BA010E9413198823B0
S113393069F061E0CE010E94E914009749F025EE98
S1133940FC0120831A820E94F71E03C080E001C09C
S113395080E0DF91CF910895CF93DF93CDB7DEB7A9
S11339606A970FB6F894DEBF0FBECDBFAB011B82C2
S113397022E0BC01CE0101960E94601A882329F03E
S1133980CE0101960E948F1C01C080E06A960FB69A
S1133990F894DEBF0FBECDBFDF91CF9108952F9273
S11339A03F924F925F926F927F928F929F92AF92CB
S11339B0BF92CF92DF92EF92FF920F931F93CF9318
S11339C0DF93CDB7DEB728970FB6F894DEBF0FBEEE
S11339D0CDBF8C014B015E834D83DC0112968C912B
S11339E01297813009F080C111968C91119781FF53
S11339F07BC182FF17C050964D915D916D917C9172
S1133A00539717968D919D910D90BC91A02D84177D
S1133A109507A607B70731F0C8010E940F1888233D
S1133A2009F462C1ED81FE81309709F42EC16F0162
S1133A30212C6894332431F8F80187819085A1857D
S1133A40B285008CF18DE02DF887EF83AC01BD01C8
S1133A50032E39E076956795579547953A95D1F7B2
S1133A60302D2481215024235C01F1E0BF22211157
S1133A7057C0A114B10409F06AC1D80113964D913D
S1133A805D916D917C911697411551056105710504
S1133A90B1F454968D919D910D90BC91A02D0097F9
S1133AA0A105B10531F4C8010E945B14811122C142
S1133AB01BC1F80183839483A583B6831BC19E0134
S1133AC02F5F3F4F8F8198850E949A1F811102C0FA
S1133AD090E069C149815A816B817C81D8015896F3
S1133AE0ED91FC9159978789803129F488EF9FEFF4
S1133AF0A0E0B0E004C088EF9FEFAFEFBFE048174D
S1133B0059076A077B0730F0C8010E945B148111D2
S1133B10F1C0EAC0F8014383548365837683EAC025
S1133B20C1018A199B0976018C159D0508F47C0155
S1133B30D80113964D905D906D907C901697B2E0ED
S1133B404B1A510861087108EF81F885058404C097
S1133B50440C551C661C771C0A94D2F786859785FD
S1133B60A089B189480E591E6A1E7B1E420E511C43
S1133B70611C711CE114F2E0FF0639F58091040325
S1133B8090910503A0910603B09107038415950550
S1133B90A605B70559F48FEF9FEFDC01809304036A
S1133BA090930503A0930603B09307039401B30114
S1133BB0A20180913107909132070E940714882353
S1133BC009F492C09EEF991A4DC0A114B10429F5CD
S1133BD0D80117964D915D916D917C911A975096ED
S1133BE08D919D910D90BC91A02D481759076A079E
S1133BF07B0798F00E94F71E882309F475C0409251
S1133C0004035092050360920603709207038091A7
S1133C10300781608093300708C041E0C301B201DE
S1133C200E94361F882309F45FC0B5016D5C784F8C
S1133C309B012E0D3F1D62177307A1F0D401FB01F8
S1133C40C9014D914193E817F907D9F75B01BFEF1B
S1133C50AB1ABB0A81E090E08A199B09280F391F2F
S1133C60820E931ECE18DF08F80187819085A18506
S1133C70B2858E0D9F1DA11DB11D87839087A187DD
S1133C80B287C114D10409F0D7CEF8018781908599
S1133C90A185B2854089518962897389481759077A
S1133CA06A077B0740F4808B918BA28BB38B818155
S1133CB0806881830DC080912A0790912B07892BFE
S1133CC039F02D813E81232B19F081818068818315
S1133CD0F801818183FF05C0C8010E94BD188823B3
S1133CE019F08D819E815FC081E0D8018C938FEFA4
S1133CF09FEF59C07601B1E0CB16B2E0DB0608F0C5
S1133D007101D8015896ED91FC91599713964D90F5
S1133D105D906D907C901697B2E04B1A5108610843
S1133D207108058404C0440C551C661C771C0A9455
S1133D30D2F786859785A089B189480E591E6A1ED7
S1133D407B1EE114E2E0FE0609F042CF17CFC10169
S1133D508A199B0976018C159D0508F47C01D8010C
S1133D6013964D905D906D907C901697B2E04B1A2F
S1133D70510861087108EF81F885058404C0440C7A
S1133D80551C661C771C0A94D2F786859785A089F2
S1133D90B189480E591E6A1E7B1EE114F2E0FF062B
S1133DA009F03BCFEBCE28960FB6F894DEBF0FBEDA
S1133DB0CDBFDF91CF911F910F91FF90EF90DF90D6
S1133DC0CF90BF90AF909F908F907F906F905F90B7
S1133DD04F903F902F900895FB0101900020E9F748
S1133DE03197AF01461B570B0E94CF1C0895809159
S1133DF030078823A9F14091040350910503609191
S1133E0006037091070323E337E080913107909113
S1133E1032070E940714882329F140912C075091FE
S1133E202D0760912E0770912F07411551056105EB
S1133E30710591F023E337E08091310790913207C7
S1133E400E940714882381F010922C0710922D07EA
S1133E5010922E0710922F071092300781E00895D8
S1133E6081E0089580E0089580E00895CF92DF9284
S1133E70EF92FF92CF936B017C01C42F80910403D6
S1133E8090910503A0910603B09107038C159D053D
S1133E90AE05BF05C1F00E94F71E8823D9F023E3C5
S1133EA037E0B701A60180913107909132070E9453
S1133EB0C213882389F0C0920403D0920503E092D0
S1133EC00603F092070380913007C82BC093300794
S1133ED081E003C080E001C080E0CF91FF90EF90CB
S1133EE0DF90CF900895CF92DF92EF92FF926B0113
S1133EF07C010E94F71E8823B9F0E3E3F7E083E333
S1133F0099E01192E817F907E1F7C0920403D092FF
S1133F100503E0920603F092070380913007816065
S1133F208093300781E001C080E0FF90EF90DF9044
S1133F30CF9008958F929F92AF92BF92CF92DF92CB
S1133F40EF92FF920F931F93CF93DF93EC016A01DB
S1133F507B01890189859A85AB85BC850196A11D64
S1133F60B11D84179507A607B70708F45EC08B89AF
S1133F709C89AD89BE892F89203129F4452F562F7C
S1133F80672F772708C0689416F876956795579534
S1133F9047951694D1F74A015B01880E991EAA1E13
S1133FA0BB1EC501B4018090040390900503A0904A
S1133FB00603B0900703681579058A059B0529F067
S1133FC040E00E94361F882391F18F898031A1F44B
S1133FD0DD24EE24FF24C601880F991FFC01ED5C4B
S1133FE0F84F80819181A0E0B0E0F8018083918353
S1133FF0A283B38381E01CC0E894C7F8DD24EE24D7
S1134000FF24C601880F991F880F991FFC01ED5CDE
S1134010F84F80819181A281B381BF70F8018083C0
S11340209183A283B38381E003C080E001C080E078
S1134030DF91CF911F910F91FF90EF90DF90CF9080
S1134040BF90AF909F908F9008952F923F924F9280
S11340505F926F927F928F929F92AF92BF92CF9214
S1134060DF92EF92FF920F931F93CF93DF9300D0D1
S113407000D000D0CDB7DEB78C0149835A836B835F
S11340807C833E832D83C12CD12C7601412C512C71
S11340903201689451F80F2EF8EF2F2EF02D3324AF
S11340A03A9488248A940F2EFFE09F2EF02DA12CA1
S11340B0B12C49815A816B817C819E012F5F3F4FD6
S11340C0C8010E949A1F882361F1D301C201F8013B
S11340D0058404C0880F991FAA1FBB1F0A94D2F736
S11340E0C80ED91EEA1EFB1E49815A816B817C8150
S11340F08789803129F488EF9FEFAA2DBB2D04C056
S1134100822D932DA82DB92D481759076A077B07CF
S113411080F2ED81FE81C082D182E282F38281E06D
S113412001C080E026960FB6F894DEBF0FBECDBF67
S1134130DF91CF911F910F91FF90EF90DF90CF907F
S1134140BF90AF909F908F907F906F905F904F90B3
S11341503F902F9008954F925F926F927F928F922B
S11341609F92AF92BF92CF92DF92EF92FF920F9302
S11341701F93CF93DF93EC016A017B01480159013E
S1134180423051056105710508F476C049855A85A8
S11341906B857C854F5F5F4F6F4F7F4F4C155D057F
S11341A06E057F0508F46AC04B895C896D897E8938
S11341B08F89803129F44D2C5E2C6F2C77240AC012
S11341C026013701689416F87694679457944794B7
S11341D01694D1F7440E551E661E771E40910403B3
S11341E05091050360910603709107034416550628
S11341F06606770639F040E0C301B2010E94361F1B
S11342008823F1F18F89803161F4DD24EE24FF24C9
S1134210C601880F991FFC01ED5CF84F91828082E2
S113422011C0E894C7F8DD24EE24FF24C601880FEA
S1134230991F880F991FFC01ED5CF84F80829182D1
S1134240A282B382809130078160809330078A898B
S11342508230C0F08D819E81AF81B885480E591E91
S11342606A1E7B1E40922C0750922D0760922E07E7
S113427070922F0781E007C080E005C080E003C092
S113428080E001C081E0DF91CF911F910F91FF90F9
S1134290EF90DF90CF90BF90AF909F908F907F90E2
S11342A06F905F904F9008952F923F924F925F923C
S11342B06F927F928F929F92AF92BF92CF92DF9232
S11342C0EF92FF920F931F93CF93DF93CDB7DEB797
S11342D02F970FB6F894DEBF0FBECDBF1C014987E0
S11342E05A876B877C873E872D87F901808191816E
S11342F0A281B3810097A105B10549F02C013D01CC
S1134300FFEF4F1A5F0A6F0A7F0A1F8611C0D1019F
S11343104D905D906D907C90B1E0BF8729853A8582
S11343204B855C85213031054105510509F01F8617
S1134330F10181859285A385B4859C01AD012F5F30
S11343403F4F4F4F5F4F2D833E834F835887892BB9
S11343508A2B8B2B09F459C073016201812C912C97
S1134360540112E000E08D819E81AF81B8858C15E7
S11343709D05AE05BF0540F4C12ED02EE12CF12CD5
S1134380412E502E612C712C9E012F5F3F4FB7019F
S1134390A601C1010E949A1F8823B9F189819A81DB
S11343A0AB81BC81892B8A2B8B2B41F026013701F1
S11343B09FEF491A590A690A790A12C0D701C6013E
S11343C00196A11DB11D84199509A609B70929856E
S11343D03A854B855C8582179307A407B507B9F026
S11343E03FEF831A930AA30AB30A4FEFC41AD40AFD
S11343F0E40AF40AF10181859285A385B4858816BF
S11344009906AA06BB0608F4AECF80E057C00FEFAA
S11344101FEF2FEF3FE0B701A601C1010E94AB20BF
S1134420811112C04BC09701860148015901F1E086
S11344308F1A9108A108B108B501A401C1010E9415
S1134440AB20811107C035C04C145D046E047F0499
S113445050F308C0481459046A047B0418F4950105
S11344608401E3CFAD85BE854D915D916D917C91C5
S1134470411551056105710539F093018201C101AE
S11344800E94AB208823B9F0ED85FE8540825182DD
S113449062827382FF85FF2381F0D301C2010196FA
S11344A0A11DB11DF10180839183A283B38381E0B7
S11344B005C080E003C080E001C081E02F960FB604
S11344C0F894DEBF0FBECDBFDF91CF911F910F9146
S11344D0FF90EF90DF90CF90BF90AF909F908F9020
S11344E07F906F905F904F903F902F9008952F9200
S11344F03F924F925F926F927F928F929F92AF9270
S1134500BF92CF92DF92EF92FF920F931F93CF93BC
S1134510DF9300D000D0CDB7DEB75C016A017B0128
S113452082E090E0A0E0B0E0F50180839183A28373
S1134530B3830F2EF8EF6F2EF02D77247A9488240E
S11345408A940F2EFFE09F2EF02D0F2EF8EF2F2EC2
S1134550F02D33243A94412C512C9E012F5F3F4F70
S1134560B701A601C5010E949A1F882309F100E042
S113457010E09801B701A601C5010E94AB20882371
S1134580B9F0C980DA80EB80FC80F501878980313D
S113459029F4822D932DA42DB52D04C0862D972D9D
S11345A0A82DB92DC816D906EA06FB06B0F202C03A
S11345B080E001C081E00F900F900F900F90DF9189
S11345C0CF911F910F91FF90EF90DF90CF90BF900C
S11345D0AF909F908F907F906F905F904F903F909F
S11345E02F9008958F929F92AF92BF92CF92DF92B5
S11345F0EF92FF920F931F93CF93DF93EC01142F4D
S11346007093320760933107442351F1453008F029
S1134610FBC040E060E070E0CB010E94361F8823BD
S113462009F4F4C020E1129FF0011124EF51F74F77
S113463080818F7709F0ECC084859585A685B78540
S113464084369105A105B10508F4E4C0C084D18481
S1134650E284F384C114D104E104F10421F4DCC044
S1134660C12CD12C760140E0C701B6010E94361F4F
S1134670882309F4D3C080913E0790913F078115A8
S1134680924009F0CDC020914307222309F4CAC007
S11346908091410790914207892B09F4C5C040914C
S11346A04007442309F4C2C02A8B4C831D8650E082
S11346B021E030E006C081E0860F8D87683008F085
S11346C0B7C06D85E62FC901062E02C0880F991F59
S11346D00A94E2F74817590771F720914907309176
S11346E04A072115310519F040E050E008C0209137
S11346F05707309158074091590750915A072D8315
S11347003E834F8358878091410790914207460129
S11347105701880E991EA11CB11C8B8A9C8AAD8AF4
S1134720BE8A0091440710914507198F088FA09104
S11347304307B0E00E948E5E860E971EA81EB91E27
S11347408A8E9B8EAC8EBD8E000F111F0295129522
S1134750107F1027007F102701501E4FC801892F9A
S113476099278695880E991EA11CB11C8E869F865A
S1134770A88AB98A8091460790914707009719F053
S1134780A0E0B0E008C08091530790915407A09135
S11347905507B0915607C818D908EA08FB08C80E8F
S11347A0D91EEA1EFB1E04C0F694E794D794C7945E
S11347B0EA95D2F7C986DA86EB86FC8685EFC816B9
S11347C08FE0D806E104F10420F48CE08F8B81E0C3
S11347D030C025EFC2162FEFD206E104F10420F415
S11347E080E18F8B81E025C080915F079091600705
S11347F0A0916107B09162078A8F9B8FAC8FBD8FA8
S113480080E28F8B81E015C080E013C080E011C08E
S113481080E00FC080E00DC080E00BC080E009C0E4
S113482080E007C080E005C080E003C080E001C0F4
S113483080E0DF91CF911F910F91FF90EF90DF9077
S1134840CF90BF90AF909F908F9008952F923F92FA
S11348504F925F926F927F928F929F92AF92BF928C
S1134860CF92DF92EF92FF920F931F93CF93DF9338
S1134870CDB7DEB72E970FB6F894DEBF0FBECDBF0F
S11348809E878D878B011A016837710508F4CBC0A8
S113489080E090E00E94EB5A69877A878B879C8737
S11348A038E72316310408F4CDC0B10180E090E06C
S11348B00E94EB5A6D837E838F839887AD85BE8576
S11348C0D4966D917D918D919C91D7970E94ED5ACC
S11348D06B017C01ED85FE85A6A0B7A020E030E049
S11348E0A9010E944B5A882309F4BAC0B50180E09B
S11348F090E00E94EB5A9B01AC010E943F5D2B01AA
S11349003C01A7019601C701B6010E94725969834F
S11349107A838B839C8329853A854B855C85CA0180
S1134920B9010E943F5D9B01AC01C301B2010E9429
S1134930715929813A814B815C810E94525A0E94AB
S1134940385A0E94BA5A4B015C012D813E814F8135
S11349505885CA01B9010E943F5D9B01AC01C301A6
S1134960B2010E94715929813A814B815C810E9474
S1134970525A0E94285B0E94BA5AAD85BE8554964D
S11349804D905D906D907C905797A30192012819EA
S113499039094A095B09261B370B480B590B298334
S11349A03A834B835C8357FD62C0F89495962C91AF
S11349B0959720FD53C0FD01808E918EA28EB38EFB
S11349C089819A81AB81BC81880D991DAA1DBB1D6B
S11349D0848F958FA68FB78F11A700A733A622A621
S11349E081E07894AD85BE8595969C9195979D7F41
S11349F095969C932E960FB6F894DEBF0FBECDBF4E
S1134A00DF91CF911F910F91FF90EF90DF90CF90A6
S1134A10BF90AF909F908F907F906F905F904F90DA
S1134A203F902F90089520E030E040EF52E4298732
S1134A303A874B875C8708E710E038E72316310490
S1134A4008F033CF80E090E0A0EFB2E48D839E8342
S1134A50AF83B88788E7282E312C30CF80E0C1CFD0
S1134A6060E070E0CB01812C912C540186CFD89664
S1134A708D909D90AD90BC90DB9720E030E0A90133
S1134A80C701B6010E944B5A811113C060E070E067
S1134A90CB014B015C01461657066806790614F4EF
S1134AA05301420119821A821B821C82AD85BE8584
S1134AB07CCF29853A854B855C85CA01B9010E9462
S1134AC03F5D9B01AC01C501B4010E9471594B01CA
S1134AD05C012D813E814F815885CA01B9010E9434
S1134AE03F5D9B01AC01C501B4010E9472594B01A9
S1134AF05C0120E030E040E850E4C701B6010E94C8
S1134B003F5D9B01AC01C501B4010E94525A0E9451
S1134B10385A0E94BA5A97FFBCCFB8CFCB010E9433
S1134B20F20708950E94350808950E943F080895E9
S1134B30AB0160E070E02AE00E94160C089522E0C8
S1134B400E94D70C08958DE00E9414088AE00E9408
S1134B50140808950E947D0D8DE00E9414088AE0D7
S1134B600E9414080895862F0E9414088DE00E9464
S1134B7014088AE00E9414080895AB01662757FDC3
S1134B806095762F0E94AC0C8DE00E9414088AE098
S1134B900E94140808950E94AC0C8DE00E94140831
S1134BA08AE00E94140808952AE00E94160C8DE001
S1134BB00E9414088AE00E94140808950E94700D4F
S1134BC08DE00E9414088AE00E941408089522E0EF
S1134BD00E94D70C8DE00E9414088AE00E941408F9
S1134BE008950E94920D8DE00E9414088AE00E94AC
S1134BF014080895FC0184810895FC0182850895B8
S1134C00FC0167817085818592850895FC01608926
S1134C10718982899389089521E0FC01828181113F
S1134C2001C020E0822F0895CF93DF931F92CDB768
S1134C30DEB741E050E0BE016F5F7F4F0E94541623
S1134C40019719F4898190E002C08FEF9FEF0F90D4
S1134C50DF91CF9108950E94601A08950E94AC1CC0
S1134C6008950F931F93CF93DF93EC018B0141E0E1
S1134C700E94F222811106C040E0B801CE010E94D8
S1134C80F22201C081E0DF91CF911F910F9108952D
S1134C90FC0184810895FC01618572858385948576
S1134CA00895FC0187890895CF92DF92EF92FF92D5
S1134CB063ED75E086E796E00E94920D85EE9DE037
S1134CC00E94FD25823009F460C0833009F456C087
S1134CD0813009F44CC066EB75E086E796E00E94EB
S1134CE0920D62EA75E086E796E00E94920D87ECE9
S1134CF09DE00E945126482F50E060E070E02AE0D9
S1134D0030E086E796E00E94DE2587EC9DE00E9475
S1134D104826C82ED12CE12CF12C87EC9DE00E9472
S1134D204B269B01AC0199E0220F331F441F551FF2
S1134D309A95D1F7C701B6010E94055E6B017C010B
S1134D406BE875E086E796E00E94920DB701A60134
S1134D5024E176956795579547952A95D1F786E787
S1134D6096E0FF90EF90DF90CF900C94D4256DECFB
S1134D7075E086E796E00E94920DB3CF60EC75E093
S1134D8086E796E00E94920DACCF67EC75E086E76B
S1134D9096E00E94920DA5CFCF931092550D0E9AD6
S1134DA016988DEA9DE00E940C26811159C060E09E
S1134DB085EE9DE00E944612882309F448C065EE02
S1134DC07DE087EC9DE00E9431268823C9F167ECE1
S1134DD07DE08DEA9DE00E944315882309F445C0D7
S1134DE0C1E0C093550D0E94542683E99DE00E94C2
S1134DF0051989E79DE00E94051921E04EEB53E077
S1134E006DEA7DE083E99DE00E94601A8823B1F099
S1134E101092570D1092580D1092590D10925A0D70
S1134E2083E99DE00E94062660935B0D70935C0D00
S1134E3080935D0D90935E0DC093560DCF910895B0
S1134E4063EF75E086E796E0CF910C94920D68E0ED
S1134E5076E086E796E00E94920DCF910C94530879
S1134E608DEA9DE00E940519A2CF60EE75E086E709
S1134E7096E0CF910C94920DCF93DF9300D0CDB7F1
S1134E80DEB72091D5103091D610CE012115310511
S1134E9041F00196821B930B0F900F90DF91CF91FD
S1134EA008958A5D90410F900F90DF91CF910895FE
S1134EB081E0089580930C030895CF92DF92EF92DE
S1134EC0FF920F931F93CF93DF93C091D0100E9452
S1134ED08F080091F80D1091F90D2091FA0D309181
S1134EE0FB0DDC01CB01801B910BA20BB30B8938AA
S1134EF09341A105B105B0F00E948F086093F80DAD
S1134F007093F90D8093FA0D9093FB0D8DE0C89F7B
S1134F10F0011124E057F94F868197819093F70DA2
S1134F208093F60D8091F40D9091F50D0197F9F4AD
S1134F300E948F080091F00D1091F10D2091F20D57
S1134F403091F30DDC01CB01801B910BA20BB30B51
S1134F50813E9E42A105B10550F01092FF0D1092C2
S1134F60FE0D81E090E09093FD0D8093FC0D409147
S1134F70FE0D5091FF0D4130510509F06BC00C2F0F
S1134F8010E08DE0C89FF0011124E057F94F26810D
S1134F9037818091F60D9091F70D281739070CF0A1
S1134FA059C08DE0809FF001819FF00D1124E057DE
S1134FB0F94F84858F3F09F04DC00E948F086B0123
S1134FC07C018DE0809FE001819FD00D1124CA56A1
S1134FD0D94F0FC06CEF7DE08EEF9DE00E949D0FD6
S1134FE0288139818091F60D9091F70D82179307EE
S1134FF06CF00E948F08DC01CB018C199D09AE096D
S1135000BF0980319742A105B10520F38091FE0DBF
S11350109091FF0D019709F063C08DE0809FF0012E
S1135020819FF00D1124E057F94F2681378180913B
S1135030F60D9091F70D281739070CF051C0109216
S1135040FF0D1092FE0D81E090E09093FD0D809392
S1135050FC0D46C06C2F70E08DE0C89FE001112468
S1135060C057D94F2E813F818091F60D9091F70D55
S11350702817390729F58091F40D9091F50D892BA6
S113508079F54130510561F58DE0869FF001879FE8
S1135090F00D1124E057F94F84858F3F09F581E025
S11350A090E09093F50D8093F40D0E948F08609327
S11350B0F00D7093F10D8093F20D9093F30D10C0E9
S11350C0821793076CF48091F40D9091F50D01977C
S11350D039F44130510521F41092F50D1092F40D7C
S11350E06CEF7DE08EEF9DE00E949D0FDF91CF91EC
S11350F01F910F91FF90EF90DF90CF9008950E9441
S11351008F086093000E7093010E8093020E9093AB
S1135110030EE0910C0EF0E0E35FF14F808181110A
S11351200CC062EE71E086E796E00E94920D8DE07D
S11351300E9414088AE00E94140808950E944E08F0
S113514065EE71E086E796E00E94920D4091611051
S11351505091621060916310709164104F5F5F4FC3
S11351606F4F7F4F86E796E00E94AC0C8DE00E9463
S113517014088AE00E9414080E947F280895BF92B0
S1135180CF92DF92EF92FF920F931F93CF93DF930F
S113519010E601E086E796E00E949225882349F113
S11351A080910A0E863028F586E796E00E949525C0
S11351B08093090E8A3009F49DC08D3009F49AC099
S11351C08A3309F4A2C1E091070EF091080EEF357D
S11351D0F1050CF096C08111A6C11092060E109232
S11351E0080E1092070E86E796E00E949225811120
S11351F0D7CF8091560D882309F472C08091070E91
S11352009091080E892B09F06BC0D0E6C1E0409163
S11352105B0D50915C0D60915D0D70915E0D809100
S1135220570D9091580DA091590DB0915A0D8417B6
S11352309507A607B70708F053C080910A0E863079
S113524008F04EC083E99DE00E9414268093090E65
S11352509C0133273093530D2093520D8A3009F467
S113526095C18D3009F492C18A3309F483C1209128
S1135270070E3091080E2F3531050CF087C18B33A2
S113528009F4EBC14091060E4111C1CF90910B0E70
S1135290A9014F5F5F4F5093080E4093070EF90129
S11352A0D99FE00DF11D1124ED5EF14F8083AFCF46
S11352B067E372E086E796E00E94920D40916110E8
S11352C050916210609163107091641086E796E0CB
S11352D00E94CB250E949E281092080E1092070E61
S11352E0DF91CF911F910F91FF90EF90DF90CF90BE
S11352F0BF900895E091070EF091080E309709F4DD
S113530033C1B0900B0EEB2CF12C1E9D60011F9D40
S1135310D00C1124EC0DFD1DED5EF14F1082F70150
S1135320E35FF14F1082E601CD5ED14F6EE470E091
S1135330CE010E948B61009709F4CDC09093050EB5
S11353408093040E8C1B9D0B8C0D9D1D4AE050E038
S113535060E070E08C5E914F0E942A60609365105B
S1135360709366108093671090936810C0906110DA
S1135370D0906210E0906310F09064102FEFC21A86
S1135380D20AE20AF20A6C157D058E059F0509F41E
S1135390AFC0C0900B0ED12C1C9D70011D9DF00C54
S11353A01124C7018D5E914F7C0167EC73E00E946C
S11353B09661892B09F437C16AE270E0C7010E9443
S11353C08B61009709F474CF1C9D90011D9D300DD5
S11353D01124F901ED5EF14F40814A3209F4C1C054
S11353E050E0C0E05F5FC427F901E50FF11DED5EF9
S11353F0F14F40814A32B1F7D0E09093050E80938B
S1135400040E1C9D90011D9D300D11248E199F09C1
S1135410280F391F60E070E0C9018C5E914F0E9433
S1135420B95E0E94BA5AC617D70709F0F9C080912D
S1135430651090916610A0916710B09168108093E8
S1135440611090936210A0936310B0936410D09095
S11354500B0EED2CF12C1E9DE0011F9DD00D11248F
S1135460CD5ED14F67E470E0CE010E948B6100975E
S113547001F19093050E8093040E1E9D90011F9DD3
S1135480300D11248C1B9D0B280F391F60E070E038
S1135490C9018C5E914F0E94B95E0E94BA5A643071
S11354A0710528F48091540D882309F453C0D090D9
S11354B00B0E81E08D0D8630C1F080930B0E809130
S11354C00A0E8F5F80930A0E1092060E1092080E39
S11354D01092070E5FCE6AE270E0CE010E948B61EB
S11354E0892B09F0A3C0DB2CBDCF10920B0EE7CFA4
S11354F0C0900B0ED12C1C9D70011D9DF00C11242D
S1135500C7018D5E914F7C0157CF8091060E882391
S113551009F4F0CEE091070EF091080EEF35F10595
S11355200CF0EFCE37CE8B3311F19091060E911122
S113553031CE90910B0E9F012F5F3F4F3093080E99
S11355402093070E199FE00DF11D1124ED5EF14F1C
S1135550808320CE62E072E086E796E00E94920D9E
S1135560A6CFC0E0D0E049CF1092060EB9CE00938A
S1135570060E10CE8091060E882341F08091070E0E
S11355809091080E8F3591050CF441CE83E99DE08E
S11355900E9400266093570D7093580D8093590D07
S11355A090935A0D00915B0D10915C0D20915D0D4F
S11355B030915E0D601771078207930728F5A0915B
S11355C0070EB091080E109779F280910B0EE82F18
S11355D0F0E0D89FA00DB11D1124AD5EB14F1C9217
S11355E0E35FF14FC08390910A0E9F5F90930A0E80
S11355F08F5F863091F080930B0E1092060E1092FE
S1135600080E1092070E03CE1092560D6DEE71E047
S113561086E796E00E94920DD2CF10920B0EEDCF4A
S113562067E672E047CE6CE872E044CE67E072E071
S113563086E796E00E94920D4091611050916210AD
S1135640609163107091641086E796E00E94CB2508
S11356501092080E1092070E43CEC093060ED7CDBB
S113566080910A0E853010F40E94BF280895AF92ED
S1135670BF92CF92DF92EF92FF920F931F93CF933B
S1135680DF93D82F20915710309158104091591022
S113569050915A106091531070915410809155108C
S11356A0909156100E947A5CC62F172F082FF92E5E
S11356B02091991030919A1040919B1050919C1018
S11356C06091A9107091AA108091AB109091AC10C8
S11356D00E946D5C18165CF4A0911303B09114033E
S11356E020910E0330910F030E94705E08C0A091B8
S11356F00E03B0910F0324E630E00E94875E0E94FF
S1135700ED5A20E030E84BEB55E40E94525A5B011D
S11357106C01DF93FF920F931F93CF936894EE2451
S1135720E1F801E020E043E550E16DE970E18DE846
S113573090E10E94CB0880919D1090919E10A091C1
S11357409F10B091A01080938D1090938E10A09311
S11357508F10B09390108091A1109091A210A091FD
S1135760A310B091A4108093911090939210A093E1
S11357709310B09394108091A5109091A610A091CD
S1135780A710B091A8108093951090939610A093B1
S11357909710B09398108091A9109091AA10A0919D
S11357A0AB10B091AC108093991090939A10A09381
S11357B09B10B0939C100F900F900F900F900F9030
S11357C0DF91CF911F910F91FF90EF90DF90CF90D9
S11357D0BF90AF9008950F931F930E948F0800917C
S11357E04A0D10914B0D20914C0D30914D0DDC0163
S11357F0CB01801B910BA20BB30B843C9940A105F8
S1135800B105D0F10E948F0860934A0D70934B0D3F
S113581080934C0D90934D0D86B1806E8F3F51F067
S11358200E948F0860934E0D70934F0D8093500D1E
S11358309093510D0E948F0800914E0D10914F0DC1
S11358402091500D3091510DAB01BC01401B510B07
S1135850620B730B40365A4E6105710520F4012B1F
S1135860022B032B29F480E090E080938A0004C08B
S11358708FEF90E080938A001F910F9108950F930A
S11358801F938091240790912507A0912607B0913A
S11358902707892B8A2B8B2B09F039C0809120078D
S11358A090912107A0912207B0912307892B8A2B7D
S11358B08B2B09F05FC0F894E0918609F091870979
S11358C07894809188099091890920E0E817F90774
S11358D0D1F034A1232B0190F081E02D8E179F0786
S11358E0C1F7922F9072822F807424FF0EC0911101
S11358F001C05E9A811101C05F9A27FD01C0459ADB
S11359001F910F91089580E090E05D9AF0CF0E947E
S11359108F080091000E1091010E2091020E30911B
S1135920030E601B710B820B930B009124071091E3
S11359302507209126073091270706171707280700
S1135940390708F0ABCF109293061092920680E0CC
S113595090E080939A0010928406109283068093BC
S1135960980088B18F6188B9809172008D7F80938F
S1135970720094CF0E948F080091000E1091010EC6
S11359802091020E3091030E601B710B820B930B5E
S113599000912007109121072091220730912307BD
S11359A0061717072807390708F085CF88B18F61D4
S11359B088B9809172008D7F809372007CCF2F9282
S11359C03F924F925F926F927F928F929F92AF928B
S11359D0BF92CF92DF92EF92FF920F931F93CF93D8
S11359E0DF9300D000D000D0CDB7DEB78091850919
S11359F0833008F4D0C0F894009186091091870987
S1135A0078942090880930908909F1010280F3810B
S1135A10E02DFE83ED83A2A4B3A4B50180E090E061
S1135A200E94EB5A6B017C018D819E810817190736
S1135A3069F406C1C4A6D5A6E6A6F7A68281938119
S1135A409E838D830817190709F4F4C0A7019601F2
S1135A50C701B6010E943F5DED81FE8120AD31ADED
S1135A6042AD53AD0E9472590E94AC5D0E94385AF7
S1135A700E94BF5A0E94EB5A9B01AC01ED81FE814A
S1135A8060A971A982A993A90E943B5B6B017C0167
S1135A909B01AC01ED81FE8164A575A586A597A542
S1135AA00E944B5AED81FE818111C4CFE2A4F3A47C
S1135AB060A571A580E090E00E94EB5A4B015C0167
S1135AC0ED81FE811AC0ED81FE8185A1FFEFF0FB1F
S1135AD081F9ED81FE8185A381FD76C0F80185A160
S1135AE0FFEFF0FB81F9F80185A342015301F801AE
S1135AF0E2A4F3A41E830D83F80100811181201612
S1135B00310609F473C09401A501B401C5010E94D2
S1135B103F5DED81FE8120AD31AD42AD53AD0E94BC
S1135B2072590E94AC5D0E94385A0E94BF5A0E946A
S1135B30EB5A9B01AC01ED81FE8166A177A180E067
S1135B4090E029833A834B835C830E94EB5A29813A
S1135B503A814B815C810E943B5BF80124A535A509
S1135B6046A557A50E943B5B2B013C01B70180E091
S1135B7090E00E94EB5A9201A3010E944B5A8111BA
S1135B80A2CFF80160A571A580E090E00E94EB5AD5
S1135B904B015C01ACCF26960FB6F894DEBF0FBE66
S1135BA0CDBFDF91CF911F910F91FF90EF90DF90C8
S1135BB0CF90BF90AF909F908F907F906F905F90A9
S1135BC04F903F902F900895B201C3010E94BF5A95
S1135BD06B017C01B401C5010E94BF5AA6018D81ED
S1135BE09E810E942624882361F278CF85A181FFBB
S1135BF0D2CFB401C5010E94BF5AA7018D819E81F5
S1135C0026960FB6F894DEBF0FBECDBFDF91CF91BD
S1135C101F910F91FF90EF90DF90CF90BF90AF90C6
S1135C209F908F907F906F905F904F903F902F90B8
S1135C300C942624FC01E2A4F3A4ED81FE8138CF68
S1135C407501ED81FE8134CFCF93DF93EAE8F9E06B
S1135C50A6ECB9E0B183A083F093C909E093C80925
S1135C60C2E0DAE01196DC93CE93B093050AA093D8
S1135C70040AAEE3BAE0B983A883D093410AC0937F
S1135C80400ACAE7DAE01196DC93CE93B0937D0A1A
S1135C90A0937C0AA6EBBAE0B983A883D093B90A8F
S1135CA0C093B80AC2EFDAE01196DC93CE93B093B6
S1135CB0F50AA093F40AAEE2BBE0B983A883D093BB
S1135CC0310BC093300BCAE6DBE01196DC93CE9324
S1135CD0B0936D0BA0936C0BA6EABBE0B983A883C9
S1135CE0D093A90BC093A80BC2EEDBE01196DC9312
S1135CF0CE93B093E50BA093E40BAEE1BCE0B98383
S1135D00A883D093210CC093200CCAE5DCE0119643
S1135D10DC93CE93B0935D0CA0935C0CA6E9BCE03D
S1135D20B983A883D093990CC093980CC2EDDCE09E
S1135D301196DC93CE93B093D50CA093D40CAEE023
S1135D40BDE0B983A883D093110DC093100D1196B3
S1135D50FC93EE93B0938D09A0938C09F093890979
S1135D60E0938809F0938709E093860910928509E6
S1135D701092750910927609109277091092780999
S1135D801092790910927A0910927B0910927C0979
S1135D9010927D0910927E0910927F091092800959
S1135DA01092810910928209109283091092840939
S1135DB01092650910926609109267091092680999
S1135DC01092690910926A0910926B0910926C0979
S1135DD010926D0910926E0910926F091092700959
S1135DE01092710910927209109273091092740939
S1135DF01092610910926209109263091092640969
S1135E00DF91CF9108952F923F924F925F926F92BC
S1135E107F928F929F92AF92BF92CF92DF92EF9236
S1135E20FF920F931F93CF93DF93CDB7DEB7CB567B
S1135E30D1090FB6F894DEBF0FBECDBF29013A01D8
S1135E40E9A2FAA20BA31CA3C058DF4F0881C058D3
S1135E50D040CF57DF4F2881C158D0402DAFCE5707
S1135E60DF4F3881C258D0403DA7CD57DF4F48811E
S1135E70C358D04026964FAF2697209185092F30DE
S1135E8001F5A9966FAFA997AA967FAFAA97AB968B
S1135E908FAFAB97AC969FAFAC970E945D270E94E3
S1135EA03F2C20918509A9966FADA997AA967FAD3D
S1135EB0AA97AB968FADAB97AC969FADAC972F30AE
S1135EC001F328B1207E28B920917200226020932A
S1135ED072002091AE063091AF064091B006509109
S1135EE0B1060E943F5D0E940F5D65966CAF7DAF69
S1135EF08EAF9FAF65972091B2063091B306409163
S1135F00B4065091B506C301B2010E943F5D0E94E0
S1135F100F5D69966CAF7DAF8EAF9FAF699720918F
S1135F20B6063091B7064091B8065091B90669A1FA
S1135F307AA18BA19CA10E943F5D0E940F5D6D968A
S1135F406CAF7DAF8EAF9FAF6D972091BA06309145
S1135F50BB064091BC065091BD06C601B5010E9426
S1135F603F5D0E940F5DA1966CAF7DAF8EAF9FAF7A
S1135F70A1972090880930908909D10195968C9138
S1135F8095978E7F95968C93959794961C92809175
S1135F90750990917609A0917709B0917809659671
S1135FA08CAC9DACAEACBFAC6597881A990AAA0AB2
S1135FB0BB0A89A69AA6ABA6BCA6B7FC68C649A428
S1135FC05AA46BA47CA4D10114964D925D926D9257
S1135FD07C92179745284628472809F030C620E2C6
S1135FE010E08091790990917A09A0917B09B09190
S1135FF07C0969964CAC5DAC6EAC7FAC6997481A71
S1136000590A6A0A7B0A4DA25EA26FA278A649A227
S11360105AA26BA27CA277FC2DC6D10118964D9290
S11360205D926D927C921B9745284628472821F063
S113603094962C935E98122F80917D0990917E09FD
S1136040A0917F09B09180096D96CCACDDACEEAC2B
S1136050FFAC6D97C81AD90AEA0AFB0ACDAADEAAD0
S1136060EFAAF8AEF7FCFAC54DA85EA86FA878AC05
S1136070D1011C964D925D926D927C921F9745289A
S11360804628472821F0106494961C935F988091C9
S1136090810990918209A0918309B0918409A19604
S11360A04CAC5DAC6EAC7FACA197481A590A6A0A35
S11360B07B0A49AE5AAE6BAE7CAEA301920177FC6B
S11360C0C5C5D10150962D933D934D935C93539741
S11360D0211531054105510521F0106894961C9352
S11360E04598A0911103B09112030E94995E24E691
S11360F030E040E050E00E944B5E29AB3AAB4BAB42
S11361005CABF101208B318B428B538B59A14AA19B
S11361103BA12CA149A05AA06BA07CA069A57AA59B
S11361208BA59CA5461657066806790624F459A53E
S11361304AA53BA52CA5852F942FA32FB22F4DA89C
S11361405EA86FA878AC84159505A605B70514F468
S1136150D301C2012C013D0129A93AA94BA95CA98B
S113616082179307A407B50714F429013A01D10152
S113617054964D925D926D927C925797B6E04B1671
S11361805104610471040CF440C5B7FCDDC52DA1B4
S11361903EA14FA158A557FDE0C5F7FCE4C529ADC4
S11361A03AAD4BAD5CAD57FDE7C580915F098111F8
S11361B07AC51091CA064091CB063091CC06209145
S11361C0CD06812F942FA32FB22F80930803909391
S11361D00903A0930A03B0930B032A964FAF2A979F
S11361E02E963FAF2E97A6962FAFA69729A93AA928
S11361F04BA95CA9232B242B252B09F071C53091C5
S1136200EA0622963FAF22974091EB06A2964FAF43
S1136210A2975091EC06A7965FAFA7976091ED0601
S1136220A8966FAFA897202F3DAD4DA526965FADDC
S1136230269722966FAD2297A2967FADA297A79636
S11362408FADA797A8969FADA8970E946D5C18166E
S11362508CF422960FAD2297A2962FADA2972DAF64
S1136260A7963FADA7973DA7A8964FADA8972696AA
S11362704FAF2697C501B4010E94ED5A20917110C9
S11362803091721040917310509174100E943F5DD0
S113629025966CAF7DAF8EAF9FAF2597698B7A8BB8
S11362A08B8B9C8B6DA17EA18FA198A50E94ED5A2A
S11362B0209175103091761040917710509178109C
S11362C00E943F5D4B015C016D8B7E8B8F8B988FA1
S11362D0C701B6010E94ED5A2091791030917A10CD
S11362E040917B1050917C100E943F5D6B017C01BA
S11362F0698F7A8F8B8F9C8F69AD7AAD8BAD9CAD96
S11363000E94ED5A20917D1030917E1040917F10B3
S1136310509180100E943F5DA5966CAF7DAF8EAF0B
S11363209FAFA59769A57AA58BA59CA56630710535
S1136330810591050CF040C589A19AA1ABA1BCA12E
S11363400697A105B1050CF037C52DA93EA94FA9A3
S113635058AD26303105410551050CF02DC5A596E3
S1136360CCACDDACEEACFFACA597E894F7F8A70194
S1136370960160E070E080E89FE30E94525A2596FF
S11363806CAF7DAF8EAF9FAF25979B01AC01602FA3
S11363907DAD8DA526969FAD26970E943F5D6DA38A
S11363A07EA38FA398A79B01AC01C701B6010E94ED
S11363B03F5D69AF7AAF8BAF9CAFC301B2010E945E
S11363C0ED5A21966CAF7DAF8EAF9FAF21972DA173
S11363D03EA14FA158A50E943F5D0E94385A0E94D9
S11363E0BF5A6DA77EA78FA798AB0E94EB5A299638
S11363F06CAF7DAF8EAF9FAF29979B01AC0160E07E
S113640070E68AEE96E40E94525A9B01AC0160E069
S113641070E080E89FE30E943B5B6B017C0129896B
S11364203A894B895C896DA17EA18FA198A50E94B0
S11364303F5D69837A838B839C832B013C01E894C1
S113644077F88090BE069090BF06A090C006B090EA
S1136450C106A5019401C301B2010E946D5C181626
S113646074F4A3019201C501B4010E94525A9B0124
S1136470AC01C701B6010E943B5B6B017C012D8915
S11364803E894F89588D6DA17EA18FA198A50E9448
S11364903F5D6D837E838F8398872B013C01E89455
S11364A077F88090C2069090C306A090C406B0907E
S11364B0C506A5019401C301B2010E946D5C1816C2
S11364C074F4A3019201C501B4010E94525A9B01C4
S11364D0AC01C701B6010E943B5B6B017C01298DB5
S11364E03A8D4B8D5C8D6DA17EA18FA198A50E94E4
S11364F03F5D69877A878B879C872B013C01E894F1
S113650077F88090C6069090C706A090C806B09011
S1136510C906A5019401C301B2010E946D5C18165D
S113652074F4A3019201C501B4010E94525A9B0163
S1136530AC01C701B6010E943B5B6B017C012DA13C
S11365403EA14FA158A5A5966CAD7DAD8EAD9FAD76
S1136550A5970E943F5D4B015C016D877E878F8705
S1136560988B2B013C01E89477F8212F2A963FADB4
S11365702A972E964FAD2E97A6965FADA697C30188
S1136580B2010E946D5C1816B4F4A3019201612F4C
S11365902A967FAD2A972E968FAD2E97A6969FADFD
S11365A0A6970E94525A9B01AC01C701B6010E94F2
S11365B03B5B6B017C01409085092A964FAE2A977C
S11365C020E030E040E85FE3C701B6010E944B5A87
S11365D087FD01C5EDA5FEA5D1019796FC93EE9329
S11365E0969721962CAD3DAD4EAD5FAD219760E001
S11365F070E080E89FE30E94525A2B013C0169A598
S11366007AA58BA59CA50E94ED5AA30192010E9434
S11366103F5D4B015C0169A17AA18BA19CA10E9401
S1136620ED5AA30192010E943F5D6DA37EA38FA347
S113663098A76DA97EA98FA998AD0E94ED5AA301D0
S113664092010E943F5D6DA77EA78FA798AB69A9B1
S11366507AA98BA99CA90E94ED5AA30192010E94D8
S11366603F5D69AB7AAB8BAB9CAB21962CAD3DAD5A
S11366704EAD5FAD219725966CAD7DAD8EAD9FADD2
S113668025970E943F5D49A45AA46BA47CA4452885
S11366904628472809F0B9C349A05AA06BA07CA09A
S11366A045284628472809F0B0C34DA85EA86FA81E
S11366B078AC45284628472809F0A7C32091E2066C
S11366C03091E3064091E4065091E5060E943F5D57
S11366D00E94385A0E94BA5AD101D4966D937D9380
S11366E08D939C93D7970E94ED5A2B013C012DEB7F
S11366F037E346E051E4C301B2010E943F5D0E94CA
S1136700BA5AD10190966D937D938D939C939397F0
S11367102091F2063091F3064091F4065091F5066B
S11367202DA33EA34FA358A720E030E040E05FE351
S11367306DA17EA18FA198A50E943F5D6B017C0194
S113674049855A856B857C8549A35AA36BA37CA391
S11367506091F6067091F7068091F8069091F9061B
S113676021966CAF7DAF8EAF9FAF219720E030E0D4
S113677040E05FE30E943F5D4B015C0169A17AA1A7
S11367808BA19CA19F77A50194010E946D5C1816B2
S113679044F4A5019401C701B6010E943B5B6B015F
S11367A07C018D859E85AF85B88989A79AA7ABA7FB
S11367B0BCA72091FA063091FB064091FC0650914B
S11367C0FD062DA73EA74FA758AB20E030E040E0E0
S11367D05FE36DA57EA58FA598A90E943F5D4B013F
S11367E05C0169A57AA58BA59CA59F77A501940159
S11367F00E946D5C181644F4A5019401C701B6010A
S11368000E943B5B6B017C0180916009813009F43B
S1136810D8C329AD3AAD4BAD5CADC701B6010E94FA
S11368203B5B162F072F8DAB99AB2A963FAD2A976A
S1136830323008F4A9C32091610930916209409172
S113684063095091640961962CAF3DAF4EAF5FAFC1
S1136850619727E137EB41ED58E361966CAD7DAD6F
S11368608EAD9FAD61970E946D5C18160CF08CC3C1
S113687029813A814B815C8125962CAF3DAF4EAF87
S11368805FAF2597209165093091660940916709AA
S11368905091680925966CAD7DAD8EAD9FAD259761
S11368A00E9471590E94EA5D6B017C014D815E81F9
S11368B06F8178852D964CAF5DAF6EAF7FAF2D970E
S11368C02091690930916A0940916B0950916C09D2
S11368D02D966CAD7DAD8EAD9FAD2D970E947159F7
S11368E00E94EA5D9B01AC01C701B6010E94725986
S11368F00E94AC5D6B017C019B01AC016DA17EA18A
S11369008FA198A50E944B5A87FFB8C3A70196018F
S11369106DA17EA18FA198A50E94525A6B017C01A2
S113692020916D0930916E0940916F095091700961
S113693069A17AA18BA19CA10E9471594B015C01B0
S1136940E894B7F8A501940121966CAD7DAD8EADA8
S11369509FAD21970E944B5A87FF12C0A501940155
S113696021966CAD7DAD8EAD9FAD21970E94525A9C
S11369709B01AC01C701B6010E943B5B6B017C012A
S113698020917109309172094091730950917409F1
S113699069A57AA58BA59CA50E9471594B015C0140
S11369A0E894B7F8A50194016DA57EA58FA598A9D3
S11369B00E944B5A87FF10C0A50194016DA57EA5C6
S11369C08FA598A90E94525A9B01AC01C701B60138
S11369D00E943B5B6B017C01A701960169AD7AAD16
S11369E08BAD9CAD0E943F5D9B01AC0161966CAD8B
S11369F07DAD8EAD9FAD61970E943B5B6DA37DAF76
S1136A008DA72E969FAF2E9729AD3AAD4BAD5CADB9
S1136A1029966CAD7DAD8EAD9FAD29970E94525ADB
S1136A206B017C019B01AC01612F702F8DA999A989
S1136A300E943F5D0E94385A4B015C012DA13DAD7F
S1136A404DA52E965FAD2E97C701B6010E943F5DFE
S1136A500E94385AD101D0966D937D938D939C9367
S1136A60D397A3019201C301B2010E9472596B0131
S1136A707C01F10164897589868997890E94ED5AA0
S1136A809B01AC01C701B6010E943F5DD101D896BC
S1136A906D937D938D939C93DB9725964CAC5DAC65
S1136AA06EAC7FAC2597409265095092660960925E
S1136AB06709709268092D964CAC5DAC6EAC7FACE6
S1136AC02D974092690950926A0960926B097092FD
S1136AD06C0949A05AA06BA07CA040926D09509209
S1136AE06E0960926F097092700949A45AA46BA44C
S1136AF07CA4409271095092720960927309709259
S1136B00740949AC5AAC6BAC7CAC409261095092AC
S1136B106209609263097092640995968C919597C5
S1136B2055245A9450FA81F995968C9381FF0CC0A0
S1136B30C501B4010E94BF5AAB01C1010E942624C1
S1136B402090880930908909D1018D919C9190936E
S1136B50890980938809F894809185098F5F8093CF
S1136B608509789465964CAC5DAC6EAC7FAC65974A
S1136B70409275095092760960927709709278096B
S1136B8069964CAC5DAC6EAC7FAC69974092790968
S1136B9050927A0960927B0970927C096D964CAC94
S1136BA05DAC6EAC7FAC6D9740927D0950927E09CE
S1136BB060927F0970928009A1964CAC5DAC6EAC7A
S1136BC07FACA19740928109509282096092830917
S1136BD070928409C559DF4F0FB6F894DEBF0FBE1B
S1136BE0CDBFDF91CF911F910F91FF90EF90DF9078
S1136BF0CF90BF90AF909F908F907F906F905F9059
S1136C004F903F902F900C94DF2CC559DF4F0FB657
S1136C10F894DEBF0FBECDBFDF91CF911F910F91CE
S1136C20FF90EF90DF90CF90BF90AF909F908F90A8
S1136C307F906F905F904F903F902F90089580E1E8
S1136C40F10184A35D9820E310E1CBC950954095F0
S1136C50309521953F4F4F4F5F4F33CA44245524FD
S1136C6032014C185D086E087F084DAA5EAA6FAA0F
S1136C7078AEFAC97094609450944094411C511CAD
S1136C80611C711C49A25AA26BA27CA2C6C94424ED
S1136C9055243201481859086A087B0849A65AA69F
S1136CA06BA67CA68CC929A93AA94BA95CA9121682
S1136CB01306140615060CF0E8C110925F09109132
S1136CC00803609109032A966FAF2A9770910A030B
S1136CD02E967FAF2E9780910B03A6968FAFA69723
S1136CE07091E60622967FAF22978091E706A296DE
S1136CF08FAFA2979091E806A7969FAFA797A09110
S1136D00E906A896AFAFA897272F382F492F5A2FF7
S1136D10602F7DAD8DA526969FAD26970E944B5A78
S1136D2087FFA8CA22960FAD2297A296BFADA2975D
S1136D30BDAFA796EFADA797EDA7A896FFADA8970F
S1136D402696FFAF269796CA1160F10114A32DA1D0
S1136D503EA14FA158A557FF20CA1260D1019496B5
S1136D601C93F7FE1CCA1460F10114A329AD3AADBB
S1136D704BAD5CAD57FF19CA1860D10194961C93B2
S1136D8080E090E0A8ECB2E48093080390930903B8
S1136D90A0930A03B0930B0381E080935F0910E092
S1136DA02A961FAE2A97B8EC2E96BFAF2E97E2E430
S1136DB0A696EFAFA6971ACA25966CAD7DAD8EAD9B
S1136DC09FAD25970E94EA5D6DA37EA38FA398A72C
S1136DD0C501B4010E94EA5D9B01AC016DA17EA1D5
S1136DE08FA198A50E9472594B015C01C701B6019D
S1136DF00E94EA5D9B01AC01C501B4010E94725975
S1136E000E94AC5D6B017C01B2CA2091DE06309118
S1136E10DF064091E0065091E1060E943F5D0E942A
S1136E20385A0E94BA5AF10164AB75AB86AB97AB82
S1136E300E94ED5A2B013C01C090C010D090C110AB
S1136E40E090C210F090C3109B01AC01C501B401E5
S1136E500E943F5D4B015C01C701B6010E94EB5AE1
S1136E609B01AC01C501B4010E946D5C18166CF461
S1136E70D101D496CD92DD92ED92FC92D797C701C1
S1136E80B6010E94ED5A2B013C018090C4109090F1
S1136E90C510A090C610B090C710A30192016DA1B7
S1136EA07EA18FA198A50E943F5D6B017C01C50165
S1136EB0B4010E94EB5A9B01AC01C701B6010E94C8
S1136EC06D5C18165CF4F10184AA95AAA6AAB7AA67
S1136ED0C501B4010E94ED5A2B013C01C090CC10B5
S1136EE0D090CD10E090CE10F090CF10A30192017D
S1136EF069A97AA98BA99CA90E943F5D4B015C01F9
S1136F00C701B6010E94EB5A9B01AC01C501B40153
S1136F100E946D5C18166CF4D101D496CD92DD926A
S1136F20ED92FC92D797C701B6010E94ED5A2B014E
S1136F303C01C090C810D090C910E090CA10F090E5
S1136F40CB10A30192016DA57EA58FA598A90E94DF
S1136F503F5D4B015C01C701B6010E94EB5A9B01E6
S1136F60AC01C501B4010E946D5C18160CF0BFCBD6
S1136F70F101C4AAD5AAE6AAF7AAC701B6010E94DC
S1136F80ED5A2B013C01B3CB49815A816B817C8141
S1136F9025964CAF5DAF6EAF7FAF25976D817E8137
S1136FA08F8198852D966CAF7DAF8EAF9FAF2D9757
S1136FB01DA30DAF7DA97DA789A92E968FAF2E970E
S1136FC023CD109260094DECC42E4CECD42EED2C44
S1136FD04DE3F42E1ECCA701960169817A818B8141
S1136FE09C810E943F5D69837A838B839C83A70184
S1136FF096016D817E818F8198850E943F5D6D83AE
S11370007E838F839887A701960169857A858B850E
S11370109C850E943F5D69877A878B879C87A50141
S11370209401C701B6010E943F5D6D877E878F87FB
S1137030988BA701960169AD7AAD8BAD9CAD0E948A
S11370403F5D69AF7AAF8BAF9CAF29962CAD3DAD58
S11370504EAD5FAD2997C701B6010E943F5D0E9406
S1137060BF5A6DA77EA78FA798AB0E94EB5A2996AB
S11370706CAF7DAF8EAF9FAF2997ACCAC12CD12C1A
S113708030E8E32E3FE3F32E4BCC1091080330910C
S113709009032A963FAF2A9740910A032E964FAFD1
S11370A02E9750910B03A6965FAFA6979FC84F9259
S11370B05F926F927F92AF92BF92CF92DF92EF92E4
S11370C0FF920F931F93CF93DF93CDB7DEB72C9727
S11370D00FB6F894DEBF0FBECDBF80915F1088233A
S11370E009F4A4C08091A5109091A610A091A710B6
S11370F0B091A81089839A83AB83BC834090A1107C
S11371005090A2106090A3107090A410A090A910A9
S1137110B090AA10C090AB10D090AC1020919910F0
S113712030919A1040919B1050919C10C601B5016A
S11371300E946D5C18160CF0DDC020910E03309196
S11371400F03A0911303B09114030E94705E6D832A
S11371507E838F8398870091D01010E0000F111F59
S1137160000F111F000F111F0655194FF801E659A2
S1137170FF4F2081318142815381C301B2010E94BA
S1137180715969877A878B879C87F801EA59FF4F81
S1137190208131814281538160919D1070919E10B4
S11371A080919F109091A0100E9471592B013C0175
S11371B06D817E818F8198850E94ED5A20E030E8B0
S11371C04BEB55E40E94525A9F938F937F936F9396
S11371D0E980FA800B811C8129853A854B855C8581
S11371E0C301B2010E94032F80E1EDE9F0E1ADE8B3
S11371F0B0E101900D928A95E1F70F900F900F90F6
S11372000F902C960FB6F894DEBF0FBECDBFDF9162
S1137210CF911F910F91FF90EF90DF90CF90BF908F
S1137220AF907F906F905F904F90089520E030E092
S113723048EC53E460919D1070919E1080919F10D2
S11372409091A0100E946D5C181664F480E090E0A8
S1137250A8ECB3E480939D1090939E10A0939F108C
S1137260B093A0104090A1105090A2106090A31071
S11372707090A41020E030E042E853E4C301B2016E
S11372800E946D5C181674F480E090E0A2E8B3E408
S11372908093A1109093A210A093A310B093A41074
S11372A02C013D018091A5109091A610A091A710EA
S11372B0B091A81089839A83AB83BC8320E030E02B
S11372C047E853E4BC01CD010E946D5C18160CF034
S11372D01DCF80E090E0A7E8B3E48093A5109093DD
S11372E0A610A093A710B093A81089839A83AB83A8
S11372F0BC830CCFA0910E03B0910F0324E630E0C1
S11373000E94875E6D837E838F83988724CF4F92FC
S11373105F926F927F92AF92BF92CF92DF92EF9281
S1137320FF920F931F93CF93DF9300D000D0CDB77C
S1137330DEB729013A01E982FA820B831C8320918A
S1137340AE063091AF064091B0065091B1060E944E
S11373503F5D0E940F5D6093750970937609809379
S11373607709909378092091B2063091B306409141
S1137370B4065091B506C301B2010E943F5D0E945C
S11373800F5D6093790970937A0980937B099093D8
S11373907C092091B6063091B7064091B806509109
S11373A0B906C801B7010E943F5D0E940F5D60935A
S11373B07D0970937E0980937F09909380092091C1
S11373C0BA063091BB064091BC065091BD06C60179
S11373D0B5010E943F5D0E940F5D60938109709327
S11373E082098093830990938409109270101092FB
S11373F06F1010926E1010926D1010926C1010920B
S11374006B10109261091092620910926309109234
S11374106409109265091092660910926709109226
S113742068091092690910926A0910926B09109206
S11374306C0910926D0910926E0910926F091092E6
S113744070091092710910927209109273091092C6
S1137450740981E0809360090F900F900F900F9052
S1137460DF91CF911F910F91FF90EF90DF90CF901C
S1137470BF90AF907F906F905F904F9008951F9250
S11374800F920FB60F9211240BB60F922F923F92C8
S11374904F925F926F927F928F929F92AF92BF9220
S11374A0CF92DF92EF92FF920F931F932F933F930C
S11374B04F935F936F937F938F939F93AF93BF93F8
S11374C0EF93FF93CF93DF93CDB7DEB76A97DEBF19
S11374D0CDBFE0915D09F0915E09309709F05FC17D
S11374E080918509882309F44DC100918609109182
S11374F0870910935E0900935D090115110509F4CC
S113750041C110924009109241091092420910920F
S11375104309D80196968D919C9197978133B5E74D
S11375209B0710F080E395E721E020933B0981312C
S1137530E7E29E0738F096958795220F8131F7E2AE
S11375409F07C8F78032910508F18097811528E0DC
S11375509207F0F0292F3327220F331F220F331FF6
S1137560295E354FF901329665917491AA27879F58
S1137570A001869F410D5A1F000C4A1F5A1F112457
S1137580F90185919491841B950B24C080E090E0CF
S11375909C01369527952C7F295E394FF901459139
S11375A054912E5F3F4FF9012591349187709927AB
S11375B0829FB001839F700D929F700D1124CB01A7
S11375C0969587959695879596958795DA01A81B44
S11375D0B90BCD018436910510F484E690E09093C4
S11375E03A0980933909F80130A521A530933E0961
S11375F020933F09832F922F8133F5E79F0710F0E3
S113760080E395E721E020933B09813127E292074B
S113761050F021E096958795220F813137E2930748
S1137620C8F720933B098032910508F180978115B2
S113763048E09407F0F0292F3327220F331F220F3D
S1137640331F295E354FF901329665917491AA274B
S1137650879FA001869F410D5A1F000C4A1F5A1F85
S11376601124F90125913491241B350B22C080E0AB
S113767090E0AC01569547954C7F495E594FFA010D
S1137680259134914E5F5F4FFA0145915491877073
S11376909927849FB001859F700D949F700D1124CC
S11376A0CB01969587959695879596958795281BF2
S11376B0390B2436310510F424E630E0C901A0E08A
S11376C0B0E08093440990934509A0934609B09390
S11376D047093093A9002093A800E0915D09F09137
S11376E05E0984899589A689B789B595A7959795E3
S11376F08795B095A095909581959F4FAF4FBF4FBB
S11377008093580990935909A0935A09B0935B093F
S11377108093540990935509A0935609B09357093F
S11377208093500990935109A0935209B09353093F
S113773080934C0990934D09A0934E09B0934F093F
S1137740109248091092490910924A0910924B0963
S113775084A180935C0980FF02C0589801C0589AA4
S113776081FF02C0599801C0599A82FF02C07298E1
S113777001C0729A83FF03C02F985C9809C02F9AA6
S11377805C9A06C080ED97E09093A9008093A800CE
S1137790E0915D09F0915E09309709F488C4809105
S11377A05C0980FF2DC082B38095282F217080FF53
S11377B022C0809135098823F1F084819581A681C6
S11377C0B781181619061A061B06ACF480915F10CF
S11377D0811104C081E0809338090FC084899589A0
S11377E0A689B7898093480990934909A0934A09C7
S11377F0B0934B0902C0109238092093350902C096
S11378001092380980915C0981FF03C010923709F6
S113781030C022B32695217081E0282731F1809170
S11378203409882311F1E0915D09F0915E098085A6
S11378309185A285B385181619061A061B06ACF4A1
S113784080915F10811104C081E0809337090FC0DB
S113785084899589A689B7898093480990934909B1
S1137860A0934A09B0934B0902C0109237092093A0
S1137870340980915C0982FF32C022B322FB2227A3
S113788020F981E0282731F180913309882311F10F
S1137890E0915D09F0915E0984859585A685B7859B
S11378A0181619061A061B06ACF480915F10811194
S11378B004C081E0809336090FC084899589A68924
S11378C0B7898093480990934909A0934A09B093D2
S11378D04B0902C0109236092093330902C010925A
S11378E0360980913B09282E312C121413040CF014
S11378F0E4C180915C09582F5071952EA0905D09C8
S1137900B0905E09982F90729983A82FA074AA83CF
S11379108B83B091D010BE87D50154962D913D91A3
S11379204D915C9157972C833D834E835F83C09028
S11379305809D0905909E0905A09F0905B09E091F8
S11379406F10F0917010FD87EC870091540910912D
S11379505509209156093091570940916D10509165
S11379606E105B874A87409150095091510960918C
S113797052097091530980916B1090916C10998702
S1137980888740904C0950904D0960904E09709042
S11379904F09E09148098E2F90914909A0914A0915
S11379A0B0914B099A8EB88AAF86498B5A8B6B8BF0
S11379B07C8B0D8B1E8B2F8B388FE98FEA8DEE23FA
S11379C081F1EF85F88984809580A680B780C80C02
S11379D0D91CEA1CFB1C1C141D041E041F040CF5FA
S11379E0B0903809B1100CC02C853D8521153105A6
S11379F029F0215031093D872C8708C0109A06C010
S1137A004C855D854F5F5F4F5D874C87EF85F889B7
S1137A1084889588A688B788C818D908EA08FB0816
S1137A201098F981FF23E1F1EF85F889808491842E
S1137A30A284B3840D891E892F89388D080D191DE0
S1137A402A1D3B1D10161106120613062CF5B090C4
S1137A503709B1100CC04A855B854115510529F0E1
S1137A60415051095B874A8707C0119A05C0EA85CE
S1137A70FB853196FB87EA87EF85F88984889588AA
S1137A80A688B788081919092A093B0911980D8B8A
S1137A901E8B2F8B388F04C00D8B1E8B2F8B388F32
S1137AA0FA81FF23E1F1EF85F88984849584A68423
S1137AB0B78449895A896B897C89480D591D6A1D87
S1137AC07B1D14161506160617062CF5B0903609FC
S1137AD0B1100CC0288539852115310529F02150B4
S1137AE031093987288707C0129A05C0E885F985C6
S1137AF03196F987E887EF85F88984889588A68880
S1137B00B788481959096A097B091298498B5A8B15
S1137B106B8B7C8B04C0498B5A8B6B8B7C8BFB816E
S1137B20FF234CF5EF85F88980889188A288B38873
S1137B30840C951CA61CB71C181419041A041B04E5
S1137B40C4F4FE85F11102C0139A04C02E852130BD
S1137B5009F4149AEF85F8894488558866887788EB
S1137B6084189508A608B7081398149824013501B9
S1137B7002C0240135014C015D01FFEF8F1A9F0AF9
S1137B80AF0ABF0A2C813D814E815F818216930624
S1137B90A406B5060CF443C049895A896B897C89CB
S1137BA00D891E892F89388DC0925809D0925909A0
S1137BB0E0925A09F0925B098C859D859093701030
S1137BC080936F100093540910935509209356091C
S1137BD030935709AA85BB85B0936E10A0936D109E
S1137BE0409350095093510960935209709353097B
S1137BF0E885F985F0936C10E0936B1040924C0982
S1137C0050924D0960924E0970924F098092480932
S1137C1090924909A0924A09B0924B094EC0A82DEE
S1137C20F98DAF1BBB27A7FDB095A215B3051CF4B6
S1137C30D501C401C3CE49895A896B897C890D89D0
S1137C401E892F89388DC0925809D0925909E09223
S1137C505A09F0925B098C859D85909370108093EE
S1137C606F100093540910935509209356093093CB
S1137C705709AA85BB85B0936E10A0936D104093ED
S1137C805009509351096093520970935309E88540
S1137C90F985F0936C10E0936B1040924C0950926C
S1137CA04D0960924E0970924F0980924809909252
S1137CB04909A0924A09B0924B09E0915D09F091FB
S1137CC05E098091480990914909A0914A09B091AF
S1137CD04B09408D518D628D738D481759076A0782
S1137CE07B070CF4CAC04091440950914509609146
S1137CF046097091470900A111A122A133A1AA2725
S1137D009927419FB12D529FF001629FF00D911D63
S1137D10619FE00DF11D9A1F429FB00DE11DFA1FF6
S1137D209A1F519FB00DE11DFA1F9A1F609FB00D5D
S1137D30E11DFA1F9A1F509FB10DEA1FFA1F9A1FE7
S1137D40BB0FEA1FFA1F12F09A1F11F0EFEFFFE7C3
S1137D5011247F01E0915D09F0915E0980A591A550
S1137D608E0D9F1D90933F0980933E0926A137A154
S1137D702817390720F430933F0920933E09809156
S1137D803E0990913F098133F5E79F0710F080E3A6
S1137D9095E721E020933B09813127E2920750F0D7
S1137DA021E096958795220F813137E29307C8F732
S1137DB020933B098032910508F18097811548E0B2
S1137DC09407F0F0292F3327220F331F220F331F7C
S1137DD0295E354FF901329665917491AA27879FE0
S1137DE0A001869F410D5A1F000C4A1F5A1F1124DF
S1137DF0F90125913491241B350B21C080E090E0DA
S1137E00AC01569547954C7F495E594FFA0125912F
S1137E103491FA0132964591549187709927849F41
S1137E20B001859F700D949F700D1124CB01969520
S1137E3087959695879596958795281B390B2436B3
S1137E40310510F424E630E03093A9002093A80013
S1137E508091440990914509A0914609B091470940
S1137E60820F931FA11DB11D80934409909345096E
S1137E70A0934609B0934709F2C0448D558D668D91
S1137E80778D481759076A077B070CF0E0C04091CB
S1137E90400950914109609142097091430900A140
S1137EA011A122A133A1AA279927419FB12D529F45
S1137EB0F001629FF00D911D619FE00DF11D9A1F6D
S1137EC0429FB00DE11DFA1F9A1F519FB00DE11D95
S1137ED0FA1F9A1F609FB00DE11DFA1F9A1F509F51
S1137EE0B10DEA1FFA1F9A1FBB0FEA1FFA1F12F007
S1137EF09A1F11F0EFEFFFE71124F0933D09E0938F
S1137F003C0980913E0990913F098E179F0758F4D0
S1137F10E0915D09F0915E0982A593A590933D09D6
S1137F2080933C0906C08E1B9F0B90933D09809360
S1137F303C09E0915D09F0915E0982A593A5209129
S1137F403C0930913D092817390720F490933D09E5
S1137F5080933C0980913C0990913D09813355E718
S1137F60950710F080E395E721E020933B098131E8
S1137F70A7E29A0748F096958795220F8131B7E2D8
S1137F809B07C8F720933B098032910508F180973D
S1137F908115E8E09E07F0F0292F3327220F331FC5
S1137FA0220F331F295E354FF90132966591749182
S1137FB0AA27879FA001869F410D5A1F000C4A1FC4
S1137FC05A1F1124F90125913491241B350B21C02A
S1137FD080E090E0AC01569547954C7F495E594F3F
S1137FE0FA0125913491FA013296459154918770A2
S1137FF09927849FB001859F700D949F700D112463
S1138000CB01969587959695879596958795281B88
S1138010390B2436310510F424E630E03093A900FE
S11380202093A8008091400990914109A0914209B0
S1138030B0914309820F931FA11DB11D8093400984
S113804090934109A0934209B093430908C08091D9
S1138050390990913A099093A9008093A800E0917E
S11380605D09F0915E094489558966897789809113
S1138070480990914909A0914A09B0914B09841784
S11380809507A607B7079CF010925E0910925D0948
S1138090E0918609F0918709808191819093870905
S11380A080938609809185098150809385096A9619
S11380B00FB6F894DEBF0FBECDBFDF91CF91FF9115
S11380C0EF91BF91AF919F918F917F916F915F914C
S11380D04F913F912F911F910F91FF90EF90DF905F
S11380E0CF90BF90AF909F908F907F906F905F9054
S11380F04F903F902F900F900BBE0F900FBE0F909C
S11381001F90189581E00E945A2708954F925F921C
S11381106F927F928F929F92AF92BF92CF92DF9293
S1138120EF92FF92CF93DF93CDB7DEB76A970FB686
S1138130F894DEBF0FBECDBF0E949A10789460E120
S113814070E086E796E00E948E250E9458278111F0
S113815001C0FFCF62E875E086E796E00E94F12552
S11381606DE675E086E796E00E94F12567E675E026
S113817086E796E00E94F12586E0EDE0FEE0DF016F
S11381801D928A95E9F76EE575E086E796E00E9410
S1138190F1250E94CC2660E575E086E796E00E9412
S11381A0F12581E00E94EE1063E475E086E796E035
S11381B00E94F1250E94242E66E375E086E796E08E
S11381C00E94F1250E9482400E94B80D6BE275E086
S11381D086E796E00E94920D8091D5109091D6107A
S11381E0BE01009709F0A5C16A5D704186E796E07B
S11381F00E94BD2569E175E086E796E00E94920D34
S113820060EC73E086E796E00E94CF0C65E175E0D0
S113821086E796E00E94920D60E170E086E796E0C2
S11382200E94BD25C090AE06D090AF06E090B00687
S1138230F090B1066091CE067091CF068091D00681
S11382409091D1060E94ED5AA70196010E943F5DCC
S11382500E94BF5A6093C0107093C1108093C210E3
S11382609093C310A701960160E070E080E89FE35B
S11382700E94525A6B877C878D879E87609371100A
S11382807093721080937310909374108091B2065F
S11382909091B306A091B406B091B5068B839C83EC
S11382A0AD83BE836091D2067091D3068091D406CB
S11382B09091D5060E94ED5A2B813C814D815E81BF
S11382C00E943F5D0E94BF5A6093C4107093C51012
S11382D08093C6109093C7102B813C814D815E81A1
S11382E060E070E080E89FE30E94525A6F87788BC9
S11382F0898B9A8B609375107093761080937710A6
S1138300909378104090B6065090B7066090B806E7
S11383107090B9066091D6067091D7068091D80600
S11383209091D9060E94ED5AA30192010E943F5DEB
S11383300E94BF5A6093C8107093C9108093CA10EA
S11383409093CB10A301920160E070E080E89FE37A
S11383500E94525A6B8B7C8B8D8B9E8B6093791011
S113836070937A1080937B1090937C108090BA065F
S11383709090BB06A090BC06B090BD066091DA0652
S11383807091DB068091DC069091DD060E94ED5A27
S1138390A50194010E943F5D0E94BF5A6093CC10D6
S11383A07093CD108093CE109093CF10A5019401BB
S11383B060E070E080E89FE30E94525A6F8B788FF0
S11383C0898F9A8F60937D1070937E1080937F10B5
S11383D0909380108091F2069091F306A091F40698
S11383E0B091F5068F839887A987BA87A70196016C
S11383F0BC01CD010E943F5D6093B0107093B11039
S11384008093B2109093B3102B813C814D815E8197
S11384106F81788589859A850E943F5D6093B41049
S11384207093B5108093B6109093B710A301920186
S11384306091F6067091F7068091F8069091F9061E
S11384400E943F5D6093B8107093B9108093BA1086
S11384509093BB10A50194016091FA067091FB06FC
S11384608091FC069091FD060E943F5D6093BC10D4
S11384707093BD108093BE109093BF1020E030E045
S11384804AEF53E46F85788989899A890E943F5D10
S11384906B017C0120E030E04AEF53E46B857C857E
S11384A08D859E850E943F5DA70196010E943B5BDE
S11384B06093F2067093F3068093F4069093F506A6
S11384C020E030E04AEF53E46B897C898D899E89F2
S11384D00E943F5D6093F6067093F7068093F8065A
S11384E09093F90620E030E04AEF53E46F89788DE9
S11384F0898D9A8D0E943F5D6093FA067093FB0606
S11385008093FC069093FD066A960FB6F894DEBF3E
S11385100FBECDBFDF91CF91FF90EF90DF90CF9052
S1138520BF90AF909F908F907F906F905F904F908F
S113853008956F5F7F4F681B790B58CE04C00E946B
S11385405D270E943F2C809185098111F8CF089501
S11385500F931F93CF93DF931F92CDB7DEB7909104
S1138560D010891701F189830E949E4200910E0365
S113857010910F03209128073091290730930F039E
S113858020930E0389818093D0100E9457380E9453
S11385909E4210930F0300930E030F90DF91CF912F
S11385A01F910F9108956111DECF0F90DF91CF914C
S11385B01F910F9108952F923F924F925F926F9265
S11385C07F928F929F92AF92BF92CF92DF92EF925F
S11385D0FF920F931F93CF93DF93CDB7DEB72A9704
S11385E00FB6F894DEBF0FBECDBF813009F46CC165
S11385F008F457C1823009F03BC124E030E03E83E7
S11386002D83EEEFFFEFFC83EB8340E050E86AEC50
S113861073E4512C412CF7E8FF8323E428872224B8
S11386202A94322CE82FF0E0EE0FFF1FEE0FFF1F0D
S1138630FA87E987E357FF4E4F01408351836283F2
S11386407383A0909910B0909A10C0909B10D09012
S11386509C10E0909510F090961000919710109156
S11386609810209191103091921040919310509154
S1138670941060918D1070918E1080918F10909154
S113868090100E94873929853A8523563F4E390137
S1138690F901108211821282138229853A852C5F96
S11386A0384F3A832983F9016081718182819381F2
S11386B00E94BA5A70930F0360930E030E945738B6
S11386C00E949E422B813C81B901882777FD8095C9
S11386D0982F0E94ED5AF4016083718382839383FF
S11386E0A0909910B0909A10C0909B10D0909C10BC
S11386F0E0909510F09096100091971010919810BA
S113870020919110309192104091931050919410B7
S113871060918D1070918E1080918F1090919010B7
S11387200E948739F30110821182128213820E94FF
S113873057380E949E422D813E81B901882777FDDA
S11387408095982F0E94ED5AF4016083718382838F
S11387509383A0909910B0909A10C0909B10D090E1
S11387609C10E0909510F090961000919710109145
S11387709810209191103091921040919310509143
S1138780941060918D1070918E1080918F10909143
S113879090100E948739F301108211821282138291
S11387A020E030E040E05FE3E981FA81608171819B
S11387B0828193810E943F5D0E94BA5A70930F0395
S11387C060930E030E9457380E949E4223202094F7
S11387D009F490C03F80288429853A8523573F4E69
S11387E04901E985FA85EF57FF4E208131814281A5
S11387F05381652D742D832D922D0E947259F4019D
S11388006083718382839383A0909910B0909A10AF
S1138810C0909B10D0909C10E0909510F090961012
S1138820009197101091981020919110309192100E
S1138830409193105091941060918D1070918E100E
S113884080918F10909190100E94873929853A85E4
S113885023563F4EF40180819181A281B381F901B5
S113886080839183A283B38310920F0310920E032B
S11388702A960FB6F894DEBF0FBECDBFDF91CF911D
S11388801F910F91FF90EF90DF90CF90BF90AF902A
S11388909F908F907F906F905F904F903F902F901C
S11388A008952AE030E03E832D83EBEFFFEFFC8355
S11388B0EB8340E050E066E174E4512C412CF8EC89
S11388C0FF8323E42887ABCEE6EFFFEFFE83ED833F
S11388D025E030E03C832B8340E050E063EC73EC14
S11388E0512C412C32E83F8393E49887222423942B
S11388F0312C98CE512C412C312C212C6DCF2F9220
S11389003F924F925F926F927F928F929F92AF921B
S1138910BF92CF92DF92EF92FF920F931F93CF9368
S1138920DF9300D01F92CDB7DEB70E94582788236B
S113893089F020910A0E253020F58091FC0D90914C
S1138940FD0D892B09F404C121111BC00E945D2770
S11389500E943F2C0F900F900F90DF91CF911F91A9
S11389600F91FF90EF90DF90CF90BF90AF909F90CA
S11389708F907F906F905F904F903F902F900C94CA
S1138980EB2B8091540D882379F180910C0E10E625
S1138990189FC001112462ED73E08D5E914F0E9417
S11389A09661892B09F4FDC583E99DE00E94BD18F9
S11389B083E99DE00E9405191092540D6EEF74E056
S11389C086E796E00E94F12580910A0E81508093FB
S11389D00A0E80910C0E8F5F80930C0E863009F086
S11389E0B5CF10920C0EB2CFE0900C0EA0E6BA2ECA
S11389F0BE9C7001112487010D5E114F67E470E085
S1138A00C8010E948B619093050E8093040E009719
S1138A1051F1801B910B8E0D9F1D60E070E08C5E08
S1138A20914F0E94B95E0E94BA5ACB01AA2797FDC2
S1138A30A095BA2F8D35910508F48FC060EC74E0D1
S1138A4086E796E00E94920D60910C0E20E6629FEC
S1138A50B00111246D5E714F86E796E00E94AA254D
S1138A600E947F28B1CF6DE470E0C8010E948B6141
S1138A709093050E8093040E009709F4F0C5801BB3
S1138A80910B8E0D9F1D60E070E08C5E914F0E94F3
S1138A90B95E0E94BA5A6D36710511F40C943452C1
S1138AA00CF460C06E3C710511F40C94DA550CF0B2
S1138AB014C66E3B710511F40C94665514F40C94B1
S1138AC0CC4D6B3C710511F40C94A05114F00C9432
S1138AD0A44F693C710511F40C946A566A3C710503
S1138AE011F00C94D85005E113E08EEB882E86E04B
S1138AF0982E90E6B92EF80161918F01E0900C0E4A
S1138B00BE9C7001112497012D5E314F690170E004
S1138B10C9010E948B619093050E8093040E009707
S1138B2079F08C199D098E0D9F1D60E070E08C5EBC
S1138B30914F0E94B95EF4016083718382839383B1
S1138B40F4E08F0E911C23E009311207A1F688CFBF
S1138B500E94BF2820910A0EF7CEFC01EA59FF4F6C
S1138B600C946A5E6E31710511F40C94AE540CF4DD
S1138B7004C66C35710511F40C94CA560CF0BDC6CC
S1138B806335710511F40C94CE5014F00C948B4E93
S1138B906A32710511F40C94EC506235710511F0D0
S1138BA00C94D8501092D4105BCF0E949E4255E191
S1138BB0852E53E0952E0DE810E160E6B62EF40103
S1138BC061914F01E0900C0EBE9C7001112497013D
S1138BD02D5E314F690170E0C9010E948B61909351
S1138BE0050E8093040E009779F08C199D098E0D63
S1138BF09F1D60E070E08C5E914F0E94B95EF801A9
S1138C0060837183828393830C5F1F4FF9E18F1616
S1138C10F3E09F06A1F6A0909910B0909A10C0902E
S1138C209B10D0909C10E0909510F09096100091BD
S1138C3097101091981020919110309192104091BA
S1138C4093105091941060918D1070918E108091BA
S1138C508F10909190100E94873902CF81E0809309
S1138C606010FECE10926010FBCE8FEF90E08093E8
S1138C708A0060E080E00E94A84280910E039091F7
S1138C800F0390936A10809369108091130390915D
S1138C9014039093AF108093AE100E948F086093DA
S1138CA0000E7093010E8093020E9093030E84E6DF
S1138CB090E0909314038093130381E00E945A2759
S1138CC080E1EDE8F0E1ADE9B0E101900D928A9523
S1138CD0E1F710920F0310920E03DD24D394D09287
S1138CE05F10F0900C0E20E6F29E50011124C50195
S1138CF08D5E914F5C01E09015036E2D70E00E9433
S1138D008B619093050E8093040E0091160310E07E
S1138D10892B11F40C94C64E10921003B801C501AE
S1138D200E948B619093050E8093040E892B09F4A5
S1138D30B5C581E00E94DB4280911003882309F4C9
S1138D40A9C580E00E94DB4280911003882309F4C6
S1138D508CC582E00E94DB4210925F108091691002
S1138D6090916A1090930F0380930E038091AE103C
S1138D709091AF1090931403809313030E948F0873
S1138D806093000E7093010E8093020E9093030E75
S1138D9067CE0E949E42D090D01090910C0EE92E86
S1138DA0F12CE0E69E9F5001112485010D5E114FC8
S1138DB064E570E0C8010E948B619093050E809376
S1138DC0040E0097D9F0801B910B8A0D9B1D60E067
S1138DD070E08C5E914F0E94B95E0E94BF5AD62EFD
S1138DE0662311F0DD24D39400910C0EE02EF12CB7
S1138DF0F0E60F9F800111240D5E114F68E570E0CD
S1138E00C8010E948B619093050E8093040EAD2CD3
S1138E10B12C009709F458C570E6C72ECE9C90017A
S1138E20CF9C300D1124801B910B280F391F60E05B
S1138E3070E0C9018C5E914F0E94B95EAA0CBB1C04
S1138E40AA0CBB1CAA0CBB1CF501E05FF84F6083A5
S1138E50718382839383E0900C0EF12CCE9C80016D
S1138E60CF9C100D11240D5E114F69E570E0C8010F
S1138E700E948B619093050E8093040E0097C1F0BD
S1138E8040E64E9D90014F9D300D1124801B910BA7
S1138E90280F391F60E070E0C9018C5E914F0E9479
S1138EA0B95EF501EC5EF84F60837183828393832E
S1138EB08091D010D81611F40C949E506FED74E08C
S1138EC086E796E00E94920D4D2D50E060E070E040
S1138ED086E796E00E94AC0C63ED74E086E796E0CA
S1138EE00E94920D85010655194FF801EA59FF4F6A
S1138EF0408151816281738186E796E00E949F25BB
S1138F006FEC74E086E796E00E94920DF801E65952
S1138F10FF4F408151816281738186E796E00E9410
S1138F20E7259ECD00910C0E10E0A0E6FA2EF09EEF
S1138F306001F19ED00C112496012D5E314F390150
S1138F4060E570E0C9010E948B619093050E8093E7
S1138F50040E009709F4B4C4861997098C0D9D1D5D
S1138F6060E070E08C5E914F0E94B95E0E94BF5A2F
S1138F704B015C0100910C0E10E0F09E3001F19E5B
S1138F80700C1124C3018D5E914F3C0163E570E0C8
S1138F90C3010E948B619093050E8093040E009789
S1138FA0D9F040E6409F9001419F300D112486196D
S1138FB09709280F391F60E070E0C9018C5E914F5A
S1138FC00E94B95E20E030E04AE754E40E943F5D2D
S1138FD00E94BF5A4B015C010E948F086B017C0107
S1138FE0C80CD91CEA1CFB1C0E949E4202C00E94B1
S1138FF05D270E948F086C157D058E059F05B8F3CB
S11390002FCD80900C0E482C512CF0E68F9E400101
S1139010112494012D5E314F490125E1222E23E0D4
S1139020322E3DE8E32E30E1F32E0DE910E141ED5F
S1139030C42E40E1D42E50E6752EF10161911F013A
S1139040520170E0C4010E948B619093050E8093DD
S1139050040E009709F42BC3749C9001759C300D89
S1139060112488199909280F391F60E070E0C9019B
S11390708C5E914F0E94B95E4B015C01F6018081C8
S11390808111E8C26091601070E080E090E00E947D
S1139090ED5AF70120813181428153810E943F5D65
S11390A09B01AC01C501B4010E947259F8016083AF
S11390B071838283938380900C0E482C512C52012F
S11390C0749C4001759C900C112494012D5E314FC9
S11390D04901F4E0EF0EF11C0C5F1F4F2FEFC21A91
S11390E0D20A39E1231633E0330609F0A6CF66E449
S11390F070E0C4010E948B619093050E8093040E6E
S1139100009761F110E6149D9001159D300D112416
S113911088199909280F391F60E070E0C9018C5E35
S1139120914F0E94B95E0E94BA5A6115E0E87E0729
S1139130810591050CF073C3161617061806190657
S11391400CF46FC3A0900C0EB12C1A9D40011B9D12
S1139150900C112494012D5E314F490169E470E0B3
S1139160C4010E948B619093050E8093040E0097B6
S113917009F48FC410E61A9D90011B9D300D112433
S113918088199909280F391F60E070E0C9018C5EC5
S1139190914F0E94B95E6093531070935410809362
S11391A0551090935610A0900C0EB12C1A9D4001AE
S11391B01B9D900C1124F401ED5EF14F4F016AE404
S11391C070E0C4010E948B619093050E8093040E9D
S11391D0009709F455C440E64A9D90014B9D300D1B
S11391E0112488199909280F391F60E070E0C9011A
S11391F08C5E914F0E94B95E609357107093581023
S11392008093591090935A1081E00E94372B0E944A
S11392108F086093000E7093010E8093020E90935A
S1139220030ED2CB0E945D27A0900C0E8A2C912CA9
S113923080E6A89E50011124F501ED5EF14F5F0117
S113924065E1462E63E0562E7DE8E72E70E1F72EA9
S11392500DE910E1E1EDCE2EE0E1DE2EF0E67F2E09
S1139260F20161912F0170E0C5010E948B6190931E
S1139270050E8093040E009709F40EC2789C9001A9
S1139280799C300D11248A199B09280F391F60E03D
S113929070E0C9018C5E914F0E94B95E4B015C0184
S11392A0F60180818111D1C16091601070E080E08D
S11392B090E00E94ED5AF70120813181428153816F
S11392C00E943F5D9B01AC01C501B4010E9472592B
S11392D0F8016083718382839383A0900C0E8A2C9F
S11392E0912C789C5001799CB00C112495012D5E31
S11392F0314F5901F4E0EF0EF11C0C5F1F4F2FEFBB
S1139300C21AD20A39E1431633E0530609F0A8CF52
S113931066E470E0C5010E948B619093050E809312
S1139320040E009701F140E6489D9001499D300DDF
S113933011248A199B09280F391F60E070E0C901C4
S11393408C5E914F0E94B95E0E94BA5A6115E0E8A2
S11393507E07810591050CF05BC2161617061806E8
S113936019060CF457C20E9457380E948F08609364
S1139370000E7093010E8093020E9093030E24CB83
S113938080900C0E482C512CF0E68F9E4001112445
S113939094012D5E314F4901B5E12B2EB3E03B2EF4
S11393A01DE8E12E10E1F12E0DE910E181EDC82E4A
S11393B080E1D82E90E6792EF10161911F015201CE
S11393C070E0C4010E948B619093050E8093040E9B
S11393D0009709F477C1749C9001759C300D112499
S11393E088199909280F391F60E070E0C9018C5E63
S11393F0914F0E94B95E4B015C01F601808181119D
S11394001FC16091601070E080E090E00E94ED5A0E
S1139410F70120813181428153810E943F5D9B018C
S1139420AC01C501B4010E947259F80160837183D3
S11394308283938380900C0E482C512C5201749C8F
S11394404001759C900C112494012D5E314F49010B
S1139450F4E0EF0EF11C0C5F1F4F2FEFC21AD20A7B
S113946039E1231633E0330609F0A6CF66E470E051
S1139470C4010E948B619093050E8093040E0097A3
S113948061F110E6149D9001159D300D1124881989
S11394909909280F391F60E070E0C9018C5E914F73
S11394A00E94B95E0E94BA5A6115E0E87E07810500
S11394B091050CF0C7C116161706180619060CF408
S11394C0C3C1A0900C0EB12C1A9D40011B9D900CA1
S11394D0112494012D5E314F490169E470E0C40107
S11394E00E948B619093050E8093040E009709F4FB
S11394F0FBC110E61A9D90011B9D300D11248819A3
S11395009909280F391F60E070E0C9018C5E914F02
S11395100E94B95E60935310709354108093551059
S113952090935610A0900C0EB12C1A9D40011B9DD7
S1139530900C1124F401ED5EF14F4F016AE470E0E8
S1139540C4010E948B619093050E8093040E0097D2
S113955009F4C1C140E64A9D90014B9D300D112490
S113956088199909280F391F60E070E0C9018C5EE1
S1139570914F0E94B95E6093571070935810809376
S1139580591090935A1080E00E94372B0E948F0844
S11395906093000E7093010E8093020E9093030E5D
S11395A013CA60E175E086E796E00E94920D00918F
S11395B00C0E109F800111240D5E114FF8010190D3
S11395C00020E9F79F01215031096901C01AD10A2D
S11395D06EE470E0C8010E948B617C01009709F47D
S11395E036C260E270E00E948B618C010F5F1F4FF6
S11395F06AE270E0C7010E948B61FC0131978DE043
S113960081838AE082831382B5E0EB2EF12C1092E1
S1139610930DB80183E99DE00E94EC1E8091930DA7
S1139620882309F4D1C931E0E31AF108E114F10403
S113963071F766EE74E086E796E00E94920DC4C965
S113964060E070E080E89FE3E3CE60E070E080E8F3
S11396509FE331CE60E070E080E89FE31ACD64E5DB
S113966070E0C8010E948B619093050E8093040EF4
S1139670009709F4D3C2801B910B8E0D9F1D60E0EF
S113968070E08C5E914F0E94B95E0E94BF5A862F93
S113969060E00E94A842E4C9F70180819181A2811F
S11396A0B381F80180839183A283B38323CEF7012E
S11396B080819181A281B381F80180839183A28307
S11396C0B38307CDF70180819181A281B381F80131
S11396D080839183A283B383BBCE653F31E073075C
S11396E009F47BC30CF0B8C16D3291E0790711F431
S11396F00C94E2530CF068C36C3D710511F40C94A6
S113970070546D3D710509F053C5E0900C0E80E670
S1139710E89E7001112487010D5E114F63E570E02E
S1139720C8010E948B619093050E8093040E0097EC
S113973009F496C9801B910B8E0D9F1D60E070E0AB
S11397408C5E914F0E94B95E0E94BA5A70931203C4
S11397506093110380911103909112038832910553
S113976014F40C946C54893C910514F088EC90E04A
S1139770909312038093110373C96831710511F436
S11397800C9430580CF48EC16B31710509F4F0C798
S11397900CF057C26931710511F40C94C0566A314A
S11397A0710509F005C58091550D882309F458C940
S11397B0E0900C0E30E6E39E7001112487010D5EEB
S11397C0114F63E570E0C8010E948B619093050E10
S11397D08093040E009709F443C9801B910B8E0DEE
S11397E09F1D4AE050E060E070E08C5E914F0E9463
S11397F02A60AB01BC014093570D5093580D609300
S1139800590D70935A0D83E99DE00E940F1828C9E1
S11398106FEF7FE770930F0360930E03A4CD6FEF98
S11398207FE770930F0360930E0380900C0EA82CB7
S1139830B12C30E6839E40011124C4018D5E914F0A
S11398404C018CCC6FEF7FE770930F0360930E0392
S113985080900C0EA82CB12C30E6839E400111247C
S1139860C4018D5E914F4C0138CEF0900C0E609186
S1139870170370E0F0E6FF9EC00111248D5E914F46
S11398800E948B619093050E8093040E892B09F03E
S113989060CA62CAF0900C0EE09015036E2D70E061
S11398A0E0E6FE9EC00111248D5E914F0E948B6103
S11398B09093050E8093040E892B09F042CAD7CFEA
S11398C0812C912C540162CBAA0CBB1CAA0CBB1C8E
S11398D0AA0CBB1CCACA10925710109258101092AE
S11398E0591010925A104FCE1092531010925410D7
S11398F0109255101092561021CE6936710509F454
S1139900C7C40CF0E7C26D35710511F40C94E0572F
S11399106836710509F04CC4D090D01090910C0EAB
S1139920E92EF12C30E6939F5001112485010D5E40
S1139930114F64E570E0C8010E948B619093050E9D
S11399408093040E0097D9F0801B910B8A0D9B1D08
S113995060E070E08C5E914F0E94B95E0E94BF5A35
S1139960D62E662311F0DD24D39400910C0EE02E44
S1139970F12C80E6089F800111240D5E114F63E5F0
S113998070E0C8010E948B619093050E8093040ED1
S1139990009709F465C8CD2CD12C40E64E9D90016A
S11399A04F9D300D1124801B910B280F391F60E04F
S11399B070E0C9018C5E914F0E94B95E0E94BA5A50
S11399C09B014DE04C9DF0014D9DF00D1124E0579D
S11399D0F94F73836283253091E039070CF4DDC4B9
S11399E084E091E09383828324E031E081E090E09D
S11399F09093FF0D8093FE0D44E250E066ED73E01A
S1139A00C9010E94DF0D2DE02C9DF0012D9DF00D6C
S1139A101124E057F94F91838083868197810397BE
S1139A2011F40C941B598091FC0D9091FD0D892B20
S1139A3051F08DE08C9DF0018D9DF00D1124E057C7
S1139A40F94F13821282848580939A0009C8F60123
S1139A503197E00FF11FD3CD683F31E0730709F46C
S1139A6089C30CF071C3663F91E0790709F4B5C16D
S1139A70673F714009F09CC30E94FD100C9430456F
S1139A8010925710109258101092591010925A10A8
S1139A90BBCB109253101092541010925510109288
S1139AA056108DCB6531710511F40C9460550CF48E
S1139AB0EFC76631710509F4E5C76731710509F02F
S1139AC077C38091550D882311F40C94304510927E
S1139AD0560D83E99DE00E9405190091040E109132
S1139AE0050E0C5F1F4F6AE270E0C8010E948B6193
S1139AF0009711F40C944F59FC0131971082409156
S1139B00040E5091050E4C5F5F4F21E06DEA7DE03D
S1139B1083E99DE00E94601A882311F40C9417597C
S1139B2065E974E086E796E00E94920D6091040E68
S1139B307091050E6C5F7F4F86E796E00E947D0D65
S1139B406EE874E086E796E00E94920D83E99DE05A
S1139B500E940626AB01BC0186E796E00E94D4254C
S1139B601092570D1092580D1092590D10925A0DD3
S1139B7083E99DE00E94062660935B0D70935C0D63
S1139B8080935D0D90935E0D60E874E086E796E047
S1139B900E94F1250C9430456337710509F4D5C54D
S1139BA00CF485C56737710509F448C56C3871052F
S1139BB009F0FEC2E0900C0EE0E6EE9E7001112466
S1139BC087010D5E114F63E570E0C8010E948B614F
S1139BD09093050E8093040E009711F40C94304575
S1139BE0801B910B8E0D9F1D60E070E08C5E914F89
S1139BF00E94B95E0E94BA5ADC01CB01909386069A
S1139C008093850644E250E066ED73E00E94DF0D28
S1139C1090938406809383060C9430456CEC72E038
S1139C2086E796E00E94920D60910C0EB69EB001FC
S1139C3011246D5E714F86E796E00E94AA250C946C
S1139C4030456C31710509F0AEC28091550D882301
S1139C5011F40C94304583E99DE00E94051910929B
S1139C60560DE090040EF090050E84E0E80EF11C11
S1139C706AE270E0C7010E948B618C01009711F4C5
S1139C800C943E5980910C0EE0E68E9FC001112485
S1139C906EE470E08D5E914F0E948B6160E270E033
S1139CA00E948B6101969093050E8093040EF80137
S1139CB0319710824091040E5091050E4C5F5F4F16
S1139CC026E56DEA7DE083E99DE00E942B26811163
S1139CD00C94295969E374E086E796E00E94920D9A
S1139CE06091040E7091050E6C5F7F4F86E796E0DD
S1139CF00E947D0D67E374E086E796E00E94920D72
S1139D0085EE9DE00E94FA25682F86E796E00E9482
S1139D10B3250C9430456435710511F40C943B580B
S1139D206535710509F044C2E0900C0E90E6E99E99
S1139D307001112487010D5E114F63E570E0C801C5
S1139D400E948B619093050E8093040E009711F48A
S1139D500C943045801B910B8E0D9F1D60E070E0CC
S1139D608C5E914F0E94B95E20E030E04AE754E4F3
S1139D700E943F5D0E94BF5A609324077093250799
S1139D8080932607909327070C943045B801C501AA
S1139D900E948B619093050E8093040E892B11F021
S1139DA00C948C466091170370E0C5010E948B618E
S1139DB09093050E8093040E892B11F00C948C461D
S1139DC0D09210030C9499466039F1E07F0709F0B2
S1139DD0F7C50E949E420C94304581E00E94EE102B
S1139DE06091CE067091CF068091D0069091D106F5
S1139DF00E94ED5A2091AE063091AF064091B00614
S1139E005091B1060E943F5D0E94BF5A6093C010FA
S1139E107093C1108093C2109093C3106091D206C6
S1139E207091D3068091D4069091D5060E94ED5A84
S1139E302091B2063091B3064091B4065091B50614
S1139E400E943F5D0E94BF5A6093C4107093C51076
S1139E508093C6109093C7106091D6067091D70670
S1139E608091D8069091D9060E94ED5A2091B606A9
S1139E703091B7064091B8065091B9060E943F5DF3
S1139E800E94BF5A6093C8107093C9108093CA107F
S1139E909093CB106091DA067091DB068091DC061A
S1139EA09091DD060E94ED5A2091BA063091BB06CE
S1139EB04091BC065091BD060E943F5D0E94BF5A6E
S1139EC06093CC107093CD108093CE109093CF10EC
S1139ED00C9430456A36710511F40C946E586B3647
S1139EE0710509F065C12091D010E0900C0EF0E6E8
S1139EF0EF9E7001112487010D5E114F64E570E03F
S1139F00C80129830E948B619093050E8093040EEF
S1139F102981009711F40C94D858801B910B8E0D55
S1139F209F1D60E070E08C5E914F0E94B95E0E94BC
S1139F30BF5A262F623010F40C94D85880E090E079
S1139F4080938A000C9430456C3C710509F42EC250
S1139F506D3C710509F02CC100910C0E10E0A0E6D7
S1139F60DA2ED09E7001D19EF00C112497012D5E43
S1139F70314F590163E570E0C9010E948B619093F0
S1139F80050E8093040E0097F1F08A199B098E0D3B
S1139F909F1D60E070E08C5E914F0E94B95E6093FB
S1139FA0E6067093E7068093E8069093E90600912D
S1139FB00C0E10E0D09E5001D19EB00C1124C501AE
S1139FC08D5E914F5C0164E570E0C5010E948B6178
S1139FD09093050E8093040E009731F1F0E6FF2E66
S1139FE0F09E9001F19E300D11248A199B09280FCF
S1139FF0391F60E070E0C9018C5E914F0E94B95E28
S113A0006093EA067093EB068093EC069093ED065A
S113A01000910C0E10E0F09E5001F19EB00C112442
S113A020F501ED5EF14F5F0168E570E0C5010E9446
S113A0308B619093050E8093040E009731F1E0E656
S113A040FE2EF09E9001F19E300D11248A199B0979
S113A050280F391F60E070E0C9018C5E914F0E94A7
S113A060B95E6093F2067093F3068093F4069093BE
S113A070F50600910C0E10E0F09E5001F19EB00C1C
S113A080112495012D5E314F59016AE570E0C50137
S113A0900E948B619093050E8093040E009731F11A
S113A0A070E6F72EF09E9001F19E300D11248A196E
S113A0B09B09280F391F60E070E0C9018C5E914F45
S113A0C00E94B95E6093F6067093F7068093F806D3
S113A0D09093F90600910C0E10E0F09E5001F19E51
S113A0E0B00C1124C5018D5E914F5C0165E470E0F4
S113A0F0C5010E948B619093050E8093040E009716
S113A10011F40C94304540E6409F9001419F300D7E
S113A11011248A199B09280F391F60E070E0C901D6
S113A1208C5E914F0E94B95E6093FA067093FB06B1
S113A1308093FC069093FD060C94304561E08D2DD0
S113A1400E94A8420C945E47693FF1E07F07F1F05A
S113A1506B35724069F56EEE72E086E796E00E9418
S113A160920D0E943C27BC0186E796E00E94BD2523
S113A1700C9430456DE073E086E796E00E94F1258B
S113A1800E94530886E00E945D07FFCF69EF72E0EA
S113A19086E796E00E94F1250C94304581E0809397
S113A1A0D4100C9430456D31710511F40C94304584
S113A1B06FED72E086E796E00E94920D60910C0EBE
S113A1C090E6699FB00111246D5E714F86E796E0B9
S113A1D00E94AA250C94304500910C0E40E6D42E22
S113A1E0D09E8001112498012D5E314F790160E5E4
S113A1F070E0C9010E948B619093050E8093040E58
S113A200009711F40C9430458E199F09800F911F0B
S113A21060E070E08C5E914F0E94B95E0E94BF5A6C
S113A2206C3009F401C4663209F4D0C3673211F00A
S113A2300C94304580910C0ED89E70011124870136
S113A2400D5E114F63E570E0C8010E948B6190932D
S113A250050E8093040E009711F40C943045801B76
S113A260910B8E0D9F1D60E070E08C5E914F0E94FB
S113A270B95E6B017C0161E087E20E949107C7012E
S113A280B6010E94BF5A87E20E9497070C9430459A
S113A290F090D01000910C0EF0E60F9F8001112475
S113A2A098012D5E314F690164E570E0C9010E9497
S113A2B08B619093050E8093040E009789F08C199E
S113A2C09D09800F911F60E070E08C5E914F0E94A9
S113A2D0B95E0E94BF5AF62E662311F0FF24F39450
S113A2E061E074E086E796E00E94920D3DE0F39E03
S113A2F0800111240057194FF8016681778186E7A0
S113A30096E00E94CF0C6DEF73E086E796E00E9422
S113A310920DF801648570E086E796E00E94982526
S113A32069EF73E086E796E00E94920D60918906DA
S113A33070918A0686E796E00E94BD250C94E44459
S113A340E0900C0E30E6E39E7001112487010D5E4F
S113A350114F63E570E0C8010E948B619093050E74
S113A3608093040E009709F420C7801B910B8E0D77
S113A3709F1D60E070E08C5E914F0E94B95E0E9468
S113A380BF5A60930D03862F843611F00C94304528
S113A39081E080930D030C943045223331050CF099
S113A3A092C41092FF0D1092FE0D26CB00910C0E5C
S113A3B010E0B0E6DB2ED09E7001D19EF00C11248B
S113A3C0C7018D5E914F5C0163E570E00E948B6173
S113A3D09093050E8093040E0097F1F08A199B095F
S113A3E08E0D9F1D60E070E08C5E914F0E94B95EFF
S113A3F06093DE067093DF068093E0069093E10697
S113A40000910C0E10E0D09E5001D19EB00C11248E
S113A410F501ED5EF14F5F0164E570E0C5010E9456
S113A4208B619093050E8093040E009711F40C94A5
S113A430304540E6409F9001419F300D11248A1918
S113A4409B09280F391F60E070E0C9018C5E914FB1
S113A4500E94B95E6093E2067093E3068093E4067B
S113A4609093E5060C9430450091D010E0900C0ECA
S113A470F12CBE9C6001BF9CD00C112496012D5E72
S113A480314F590164E570E0C9010E948B619093DA
S113A490050E8093040E0097D9F08A199B098C0D40
S113A4A09D1D60E070E08C5E914F0E94B95E0E9439
S113A4B0BF5A062F611101E0A0900C0EEA2CF12C7A
S113A4C030E6A39E50011124C5018D5E914F5C01BD
S113A4D063E570E0C5010E948B619093050E809343
S113A4E0040E10E0009709F458C040E64E9D900118
S113A4F04F9D300D11248A199B09280F391F60E0E4
S113A50070E0C9018C5E914F0E94B95E0E94BA5AF4
S113A5109B014DE0409FF001419FF00D1124E05755
S113A520F94F73836283253091E039070CF4B6C088
S113A53084E091E09383828324E031E081E090E041
S113A5409093FF0D8093FE0D44E250E066ED73E0BE
S113A550C9010E94DF0D2DE0209FF001219FF00D25
S113A5601124E057F94F9183808386819781039763
S113A57009F44BC68091FC0D9091FD0D892B51F08F
S113A5808DE0809FF001819FF00D1124E057F94F79
S113A59013821282848580939A000E948F084B0153
S113A5A05C018DE0809F9001819F300D1124205724
S113A5B0394F7901E2E0EE0EF11C89010A5F1F4F69
S113A5C06901F4E0CF0ED11C02C00E945D27F7019F
S113A5D020813181F80180819181A9014250510982
S113A5E0841795073CF02E5F3F4F2817390714F066
S113A5F00C9430450E948F08681979098A099B09CF
S113A600693E73408105910500F30E948F084B0158
S113A6105C0166EF73E086E796E00E94920D44E2E7
S113A62050E066ED73E0F601808191810E94600E36
S113A630BC0186E796E00E94BD25C7CF65E473E0C0
S113A64086E796E00E94920D9099ACC56CEC73E09D
S113A65086E796E00E947D0D6EE373E086E796E060
S113A6600E94920D91999BC56CEC73E086E796E08D
S113A6700E947D0D67E373E086E796E00E94920DE9
S113A68092998AC56CEC73E086E796E00E947D0D92
S113A69086E796E00E94A3250C94304522333105C9
S113A6A00CF061C01092FF0D1092FE0D4DCF623779
S113A6B0710509F07DCD68E573E086E796E00E94B8
S113A6C0920D40918D1050918E1060918F10709169
S113A6D0901086E796E00E949F2564E573E086E784
S113A6E096E00E94920D40919110509192106091C9
S113A6F093107091941086E796E00E949F2560E580
S113A70073E086E796E00E94920D40919510509177
S113A7109610609197107091981086E796E00E94C9
S113A7209F256CE473E086E796E00E94920D4091C9
S113A730991050919A1060919B1070919C1086E72B
S113A74096E00E94E7250C94304560E873E086E7C4
S113A75096E00E94F1256BE573E086E796E00E949F
S113A760F1250C943045273931050CF4EDCEE6CEB5
S113A7708091550D882309F48AC56DE574E086E758
S113A78096E00E94920D4091570D5091580D6091A2
S113A790590D70915A0D86E796E00E94A80C6FE25D
S113A7A086E796E00E94120C40915B0D50915C0D7F
S113A7B060915D0D70915E0D86E796E00E94D42550
S113A7C00C94304500910C0E10E030E6F32EF09E10
S113A7D06001F19ED00C1124F601ED5EF14F5F0192
S113A7E060E570E0CF010E948B619093050E809329
S113A7F0040E0097E1F08A199B098C0D9D1D60E001
S113A80070E08C5E914F0E94B95E0E94BF5A7093B3
S113A810FF066093FE0600910C0E10E0F09E5001BE
S113A820F19EB00C112495012D5E314F590169E45C
S113A83070E0C5010E948B619093050E8093040E15
S113A840009721F120E6F22EF09E9001F19E300D4A
S113A85011248A199B09280F391F60E070E0C9018F
S113A8608C5E914F0E94B95E0E94BF5A709301079B
S113A8706093000700910C0E10E0F09E5001F19ED1
S113A880B00C1124C5018D5E914F5C0164E470E04D
S113A890C5010E948B619093050E8093040E00976E
S113A8A0B9F040E6409F9001419F300D11248A1970
S113A8B09B09280F391F60E070E0C9018C5E914F3D
S113A8C00E94B95E0E94BF5A709303076093020707
S113A8D00E94B80D0C94304588E290E00C94B84B7B
S113A8E0E0900C0E30E6E39E7001112487010D5EAA
S113A8F0114F63E570E0C8010E948B619093050ECF
S113A9008093040E009711F40C943045801B910B36
S113A9108E0D9F1D60E070E08C5E914F0E94B95EC9
S113A9200E94BA5A70931403609313038091130323
S113A930909114038431910574F0893C910514F0CD
S113A94088EC90E0909314038093130381E0809348
S113A950AD100C94304584E190E0F4CF8091550D16
S113A960882311F40C9430451092560D83E99DE030
S113A9700E9405190091040E1091050E0C5F1F4FE3
S113A9806AE270E0C8010E948B61009709F47DC4FB
S113A990FC01319710826091040E7091050E6C5F7A
S113A9A07F4F8DEA9DE00E942E26882309F469C416
S113A9B068E174E086E796E00E94F1250C94304546
S113A9C0643F714011F40C943045F2CB80910C0E2D
S113A9D0D89E7001112487010D5E114F63E570E06C
S113A9E0C8010E948B619093050E8093040E00971A
S113A9F011F40C943045801B910B8E0D9F1D60E06B
S113AA0070E08C5E914F0E94B95E6B017C0161E045
S113AA1086E20E949107C701B6010E94BF5A86E2EE
S113AA200E9497070C94304580910C0ED89E7001BB
S113AA30112487010D5E114F63E570E0C8010E9487
S113AA408B619093050E8093040E009711F40C947F
S113AA503045801B910B8E0D9F1D60E070E08C5E75
S113AA60914F0E94B95E6B017C0161E08CE00E9411
S113AA709107C701B6010E94BF5A8CE00E94970754
S113AA800C9430451092560D1092550D0C9430458F
S113AA906431710509F08CCB60EB74E086E796E0D5
S113AAA00E94F12540E060E08DEA9DE00E94AD1B2C
S113AAB062EA74E086E796E00E94F1250C94304542
S113AAC01092560D0E94CC260C94304580910C0EA9
S113AAD0B89E7001112487010D5E114F63E570E08B
S113AAE0C8010E948B619093050E8093040E009719
S113AAF0E1F0801B910B8E0D9F1D60E070E08C5E79
S113AB00914F0E94B95E0E94BA5ADC01CB01909326
S113AB1086068093850644E250E066ED73E00E9469
S113AB20DF0D90938406809383060E948F086B0147
S113AB307C011DE02091890630918A06809185066A
S113AB40909186062817390714F00C9430450E941A
S113AB505D270E948F086C197D098E099F09693E43
S113AB6073408105910530F30E948F086B017C01CD
S113AB7063EF73E086E796E00E94920DE091D010B7
S113AB801E9FF0011124E057F94F6681778186E713
S113AB9096E00E94CF0C6FEE73E086E796E00E9489
S113ABA0920D6091890670918A0686E796E00E946C
S113ABB0BD25C0CFD0900C0EBD9C800111240D5E2C
S113ABC0114F64E470E0C8010E948B619093050EFC
S113ABD08093040E892BE9F16CE273E086E796E03A
S113ABE00E94920D409181105091821060918310C7
S113ABF07091841086E796E00E949F2568E273E0D6
S113AC0086E796E00E94920D40918510509186103F
S113AC10609187107091881086E796E00E949F25C6
S113AC2064E273E086E796E00E94920D40918910F9
S113AC3050918A1060918B1070918C1086E796E089
S113AC400E94E725D0900C0EBD9C800111240D5E5E
S113AC50114F45E1E42E43E0F42E51E8A52E50E1D6
S113AC60B52E60E6C62EF70161917F0170E0C80140
S113AC700E948B619093050E8093040E009789F0D7
S113AC80801B910BCD9C800D911D112460E070E020
S113AC908C5E914F0E94B95EF5016083718382835B
S113ACA09383F4E0AF0EB11C28E1E21623E0F20630
S113ACB011F40C943045D0900C0ECD9C80011124DD
S113ACC00D5E114FD0CF2739310514F40C94FC4C90
S113ACD00C94F64C05E113E0812C912C20E6B22E65
S113ACE0F80161918F01E0900C0EBE9C700111245B
S113ACF097012D5E314F690170E0C9010E948B619B
S113AD009093050E8093040E009781F18C199D0990
S113AD108E0D9F1D60E070E08C5E914F0E94B95EC5
S113AD20F401E655F94F7F010E94BA5AF70164A372
S113AD3075A386A397A38091040E9091050E60E0FD
S113AD4070E001960E94B95E940120543F4E69015F
S113AD50F70124813581468157810E943F5D0E941D
S113AD60BF5AF6016083718382839383F4E08F0E6C
S113AD70911C20E18216910409F0B2CF0C94304565
S113AD808091560D882311F40C9430451092560D81
S113AD900C94304505E113E01B821A8230E6332E11
S113ADA0F80161918F01E0900C0E3E9C700111241A
S113ADB097012D5E314F690170E0C9010E948B61DA
S113ADC09093050E8093040E009709F441C08C19EA
S113ADD09D098E0D9F1D60E070E08C5E914F0E9476
S113ADE0B95E4B015C018A819B818655994F7C0138
S113ADF0FC0184829582A682B7822A813B812F58E6
S113AE003F4E6901A501940160E070E080E89FE392
S113AE100E94525AF60160837183828393832A814C
S113AE203B8120543F4E6901F70164A175A186A1BD
S113AE3097A10E94ED5A9B01AC01C501B4010E9487
S113AE403F5D0E94BF5AF6016083718382839383BE
S113AE5020E030E04AEF53E4609175107091761071
S113AE6080917710909178100E943F5D6B017C0176
S113AE7020E030E04AEF53E4609171107091721059
S113AE8080917310909174100E943F5DA701960108
S113AE900E943B5B6B017C016093F2067093F306A6
S113AEA08093F4069093F50620E030E04AEF53E4F3
S113AEB06091791070917A1080917B1090917C1040
S113AEC00E943F5D2B013C016093F6067093F706E8
S113AED08093F8069093F90620E030E04AEF53E4BB
S113AEE060917D1070917E1080917F109091801000
S113AEF00E943F5D4B015C016093FA067093FB0670
S113AF008093FC069093FD062091AE063091AF0627
S113AF104091B0065091B106C701B6010E943F5D51
S113AF206093B0107093B1108093B2109093B310EB
S113AF302091B2063091B3064091B4065091B50603
S113AF40C701B6010E943F5D6093B4107093B510C1
S113AF508093B6109093B7102091B6063091B7063F
S113AF604091B8065091B906C301B2010E943F5DF9
S113AF706093B8107093B9108093BA109093BB107B
S113AF802091BA063091BB064091BC065091BD0693
S113AF90C501B4010E943F5D6093BC107093BD1065
S113AFA08093BE109093BF102A813B812C5F3F4F4A
S113AFB03B832A832031310509F0F2CE0C943045CD
S113AFC06BEE73E086E796E00E94920D68EE73E004
S113AFD086E796E00E94920D4091AE065091AF062E
S113AFE06091B0067091B10686E796E00E949F25B5
S113AFF064EE73E086E796E00E94920D4091B206FB
S113B0005091B3066091B4067091B50686E796E058
S113B0100E949F2560EE73E086E796E00E94920D01
S113B0204091B6065091B7066091B8067091B90682
S113B03086E796E00E949F256CED73E086E796E034
S113B0400E94920D4091BA065091BB066091BC06D5
S113B0507091BD0686E796E00E94E7250C94304582
S113B0608091550D882311F40C94304581E0809330
S113B070560D0C9430450E949E4200910C0E20E621
S113B080029F80011124C8018D5E914F7C0163E50C
S113B09070E00E948B619093050E8093040E0097DC
S113B0A009F48EC08E199F09800F911F60E070E033
S113B0B08C5E914F0E94B95E20E030E04AE754E490
S113B0C00E943F5D0E94BF5A60932007709321073E
S113B0D080932207909323070C943045D090D0108E
S113B0E0E0900C0E0E2D10E020E6E29E700111247B
S113B0F0C7018D5E914F5C0164E570E00E948B6135
S113B1009093050E8093040E0097E9F08A199B0929
S113B1108E0D9F1D60E070E08C5E914F0E94B95EC1
S113B1200E94BF5AD62E662311F0DD24D394A0903A
S113B1300C0E0A2D10E090E6A99E50011124F50191
S113B140ED5EF14F5F0163E570E0C5010E948B6124
S113B1509093050E8093040E009709F463C040E6B3
S113B160409F9001419F300D11248A199B09280F9B
S113B170391F4AE050E060E070E0C9018C5E914FF5
S113B1800E942A60772788279927D1100C9430458C
S113B190609388000C9430456FEC73E075CA6FECD3
S113B1A073E064CA6FEC73E053CA80910D03ECC87A
S113B1B021111BC080E090E0809388000C943045FE
S113B1C064E570E0C7010E948B619093050E809343
S113B1D0040E892B81F088B1807E88B98091720039
S113B1E08260809372000C943045213011F00C94ED
S113B1F030450C949E4F88B18F6188B9809172005C
S113B2008D7F809372000C94304569E173E086E78A
S113B21096E00E94AA2581E090E09093FD0D809332
S113B220FC0DAEC96FEF70E080E090E0AECF6FE64A
S113B23074E00C947C4E69E173E086E796E00E942A
S113B240AA2581E090E09093FD0D8093FC0D0C9471
S113B250194D81E08093540D65E274E086E796E031
S113B2600E94920D6091040E7091050E6C5F7F4FE9
S113B27086E796E00E94AA250C943045A7010C9419
S113B280604E67E074E00C947C4EB8018ACB6DE4A8
S113B29074E086E796E00E94F1250C943045A801FD
S113B2A00C94854D1092E90D1092EA0D1092ED0D5B
S113B2B01092EF0D82E090E0A0E0B0E08093C70D23
S113B2C09093C80DA093C90DB093CA0D1092DE0DD2
S113B2D01092AF0D1092950D10927B0D1092610D8E
S113B2E008955058BB27AA270ED095C25ED230F0DD
S113B2F063D220F031F49F3F11F41EF42EC20EF4F9
S113B300E095E7FBFBC1E92FA8D280F3BA176207E7
S113B31073078407950718F071F49EF5D7C20EF4ED
S113B320E0950B2EBA2FA02D0B01B90190010C0151
S113B330CA01A0011124FF27591B99F0593F50F469
S113B340503E68F11A16F040A22F232F342F4427C1
S113B350585FF3CF469537952795A795F0405395B9
S113B360C9F77EF41F16BA0B620B730B840BBAF089
S113B3709150A1F0FF0FBB1F661F771F881FC2F7F4
S113B3800EC0BA0F621F731F841F48F48795779508
S113B3906795B795F7959E3F08F0B3CF9395880FBF
S113B3A008F09927EE0F979587950895FED158F0E8
S113B3B080E891E009F49EEFFFD128F040E851E0E5
S113B3C059F45EEF09C0C9C181C2E92FE07845D2C2
S113B3D068F3092E052AC1F32617370748075907CA
S113B3E038F00E2E07F8E02569F0E025E0640AC085
S113B3F0EF6307F8009407FADB01B9019D01DC0152
S113B400CA01AD01EF935DD006D20AD05F915523F6
S113B41031F02BED3FE049E450FD49EC63CF089552
S113B420DF93DD27B92FBF7740E85FE316161706D1
S113B43048075B0710F4D92FB5D29F938F937F935E
S113B4406F93C8D3E6E8F1E08BD1E5D12F913F911A
S113B4504F915F9120D3DD2349F09058A2EA2AED61
S113B4603FE049EC5FE3D0785D274DDFDF91D3C146
S113B47016D280F09F3740F491110EF428C260E098
S113B48070E080E89FE3089526F01B16611D711D8E
S113B490811D3AC154C10ED108F481E0089594D1BC
S113B4A0E395CAC10CD0B7C187D140F07ED130F04A
S113B4B021F45F3F19F022C1511109C24EC1CDD10F
S113B4C098F39923C9F35523B1F3951B550BBB2767
S113B4D0AA2762177307840738F09F5F5F4F220F14
S113B4E0331F441FAA1FA9F333D00E2E3AF0E0E80D
S113B4F030D091505040E695001CCAF729D0FE2F59
S113B50027D0660F771F881FBB1F261737074807EA
S113B510AB07B0E809F0BB0B802DBF01FF279358A0
S113B5205F4F2AF09E3F510568F0E8C0D0C15F3FED
S113B530ECF3983EDCF3869577956795B795F79588
S113B5409F5FC9F7880F911D9695879597F9089580
S113B550E1E0660F771F881FBB1F6217730784071C
S113B560BA0720F0621B730B840BBA0BEE1F88F72B
S113B570E095089504D06894B111A9C1089575D1D6
S113B58088F09F5790F0B92F9927B751A0F0D1F0C8
S113B590660F771F881F991F1AF0BA95C9F712C052
S113B5A0B13081F093D1B1E0089590C1672F782F25
S113B5B08827B85F39F0B93FCCF3869577956795BE
S113B5C0B395D9F73EF490958095709561957F4F2A
S113B5D08F4F9F4F0895E89409C097FB3EF49095D0
S113B5E08095709561957F4F8F4F9F4F9923A9F058
S113B5F0F92F96E9BB279395F695879577956795E7
S113B600B795F111F8CFFAF4BB0F11F460FF1BC02A
S113B6106F5F7F4F8F4F9F4F16C0882311F096E9BD
S113B62011C0772321F09EE8872F762F05C066236B
S113B63071F096E8862F70E060E02AF09A95660F24
S113B640771F881FDAF7880F9695879597F90895DD
S113B65026D180F09F3740F491110EF038C160E09C
S113B66070E080E89FEB089526F41B16611D711DA0
S113B670811D4AC064C0990FBB0B550FAA0BE0E8AB
S113B680FEEF16161706E807F90770F012161306F0
S113B690E407F50760F0BA1754F031F426173707BA
S113B6A048075907A7951BF4B901CA01BA2FB695E3
S113B6B097950895990F0008550FAA0BE0E8FEEF3F
S113B6C016161706E807F907C0F012161306E40762
S113B6D0F50798F0621B730B840B950B39F40A265B
S113B6E061F0232B242B252B21F408950A2609F439
S113B6F0A140A6958FEF811D811D089597F99F673D
S113B70080E870E060E00895882371F4772321F0E5
S113B7109850872B762F07C0662311F499270DC004
S113B7209051862B70E060E02AF09A95660F771F9F
S113B730881FDAF7880F9695879597F908959F3FA4
S113B74031F0915020F4879577956795B795880FD8
S113B750911D9695879597F908959FEF80EC08952C
S113B760DF93CF931F930F93FF92EF92DF927B01AE
S113B7708C01689405C0DA2EEF018DD1FE01E894A6
S113B780A5912591359145915591AEF3EF01BBDD1E
S113B790FE019701A801DA9479F7DF90EF90FF900A
S113B7A00F911F91CF91DF91089500240A941616EA
S113B7B0170618060906089500240A94121613069B
S113B7C0140605060895C9CF50D0E8F3E894E0E0E4
S113B7D0BB279F57F0F02AED3FE049EC06C0EE0F7F
S113B7E0BB0F661F771F881F28F0B23A62077307E2
S113B7F0840728F0B25A620B730B840BE3959A9575
S113B80072F7803830F49A95BB0F661F771F881F34
S113B810D2F7904896CF092E0394000C11F4882394
S113B82052F0BB0F40F4BF2B11F460FF04C06F5FF4
S113B8307F4F8F4F9F4F0895EF93E0FF06C0A2EA1A
S113B8402AED3FE049EC5FEB5EDDE5DF0F9003940A
S113B85001FC9058E3EBF1E0C7C157FD9058440F49
S113B860551F59F05F3F71F04795880F97FB991F5B
S113B87061F09F3F79F08795089512161306140618
S113B880551FF2CF4695F1DF08C0161617061806A5
S113B890991FF1CF86957105610508940895E5DF38
S113B8A0A0F0BEE7B91788F4BB279F3860F41616DA
S113B8B0B11D672F782F8827985FF7CF86957795E6
S113B8C06795B11D93959639C8F30895E894BB27FD
S113B8D066277727CB0197F90895ECDE08F48FEFFC
S113B8E0089563DF19F068DF09F037CF07CFB90196
S113B8F0CA0125CF9F775F77B0DF98F39923B9F317
S113B9005523B9F3FF27951758F4E52FE91BED30BC
S113B91070F75E3B10F0F1E41CC09034E0F40AC010
S113B920E92FE51BED3028F79E3B10F0F1E411C040
S113B930503488F4F9EA88232AF09A95660F771F21
S113B940881FDAF744232AF05A95220F331F441F25
S113B950DAF79F1B5F1BFF931F930F93FF92EF92E6
S113B96079018A01BB27AB2F9B01AC0196D09701CB
S113B970A801BF937B018C01AA27BA2FB901CA0180
S113B9808CD0AF919701A801EF90FF900F911F9178
S113B990BADC41DFE1D04F9140FF0895552747FDC0
S113B9A0509509C09B01AC0160E070E080E89FE322
S113B9B079CDA4CEC4CE59DFE8F39923D9F3940FFB
S113B9C0511DBBF39150504094F059F0882332F04C
S113B9D0660F771F881F91505040C1F79E3F510555
S113B9E044F7880F911D9695879597F908955F3FC1
S113B9F0ACF0983E9CF0BB27869577956795B795F4
S113BA0008F4B1609395C1F7BB0F58F711F460FFC8
S113BA10E8CF6F5F7F4F8F4F9F4FE3CF58CF25DF26
S113BA2058F19E5758F19851A0F0E9F0983020F55C
S113BA30092E9927660F771F881F991F0A94D1F73B
S113BA4012C0062E672F782F8827985F11F4000CF8
S113BA5007C0993FB4F38695779567959395D9F781
S113BA60611D711D811D3EF49095809570956195C1
S113BA707F4F8F4F9F4F0895689429CF27CF0BD0C6
S113BA80CACE93DE28F098DE18F0952309F036CE5E
S113BA9064CE11241CCFE1DEA0F3959FD1F3950F62
S113BAA050E0551F629FF001729FBB27F00DB11D3E
S113BAB0639FAA27F00DB11DAA1F649F6627B00DCE
S113BAC0A11D661F829F2227B00DA11D621F739FB7
S113BAD0B00DA11D621F839FA00D611D221F749FC5
S113BAE03327A00D611D231F849F600D211D822F0C
S113BAF0762F6A2F11249F5750408AF0E1F0882353
S113BB004AF0EE0FFF1FBB1F661F771F881F91505F
S113BB105040A9F79E3F510570F0F0CDD8CE5F3F5D
S113BB20ECF3983EDCF3869577956795B795F79592
S113BB30E7959F5FC1F7FE2B880F911D969587951A
S113BB4097F908959F9340DE0F9007FCEE5F74CE43
S113BB5011F40EF402CEF3CD88DED0F39923D9F399
S113BB60CEF39F57550B87FF38D00024A0E640EA58
S113BB70900180585695979528F4805C660F771F3E
S113BB80881F20F026173707480730F4621B730B11
S113BB90840B202931294A2BA69517940794202534
S113BBA031254A2758F7660F771F881F20F026177C
S113BBB03707480730F4620B730B840B200D311DDB
S113BBC0411DA09581F7B901842F9158880F96954E
S113BBD0879508959B01AC0152CF91505040660F58
S113BBE0771F881FD2F708959F938F937F936F9346
S113BBF0FF93EF939B01AC0142DFEF91FF91B0DD26
S113BC002F913F914F915F913ACFDB018F939F9397
S113BC100E948E5EBF91AF91A29F800D911DA39F44
S113BC20900DB29F900D1124089597FB072E16F4E2
S113BC30009407D077FD09D00E94A55E07FC05D0CB
S113BC403EF4909581959F4F0895709561957F4F2F
S113BC500895A1E21A2EAA1BBB1BFD010DC0AA1F49
S113BC60BB1FEE1FFF1FA217B307E407F50720F061
S113BC70A21BB30BE40BF50B661F771F881F991FDC
S113BC801A9469F760957095809590959B01AC0125
S113BC90BD01CF010895052E97FB1EF400940E9468
S113BCA0625E57FD07D00E94295E07FC03D04EF464
S113BCB00C94625E50954095309521953F4F4F4FBF
S113BCC05F4F089590958095709561957F4F8F4F44
S113BCD09F4F0895EE0FFF1F0590F491E02D0994F6
S113BCE00E94785E332312F48A1B9B0B0C94895EAA
S113BCF0A29FB001B39FC001A39F700D811D1124A9
S113BD00911DB29F700D811D1124911D08950E94F3
S113BD10785EB7FF0895821B930B08950E94785EA6
S113BD20A59F900DB49F900DA49F800D911D11248B
S113BD300895B7FF0C948E5E0E948E5E821B930B57
S113BD4008950790F691E02D0994AA1BBB1B51E1BD
S113BD5007C0AA1FBB1FA617B70710F0A61BB70B77
S113BD60881F991F5A95A9F780959095BC01CD011C
S113BD7008958F929F92AF92BF92CF92DF92EF92EB
S113BD80FF920F931F93CF93DF938B01611571057E
S113BD9021F0DB018C9311969C93EC015E01BFEFC3
S113BDA0AB1ABB0A7501C8808C2D90E00E945E61BD
S113BDB0892B11F0E501F2CFEDE2CE1208C07E012D
S113BDC0F2E0EF0EF11CC980DD24D39409C02BE20C
S113BDD0C21205C07E0142E0E40EF11CC980D12CE0
S113BDE0E701219743E050E06FE17EE0CE010E943D
S113BDF06661892BC1F4239645E050E06AE17EE058
S113BE00CE010E946661892B09F42596011511055E
S113BE1019F0D801CD93DC93D11006C160E070E035
S113BE2080E89FE70AC143E050E067E17EE0CE018D
S113BE300E946661892B59F40115110509F4F9C0B2
S113BE40B2E0EB0EF11CF801F182E082F2C0F701DE
S113BE5060E070E0CB01C0E0D0E07F01A0EDAA2E4D
S113BE60AC0C29E02A1530F14D2D4260B42E2D2D55
S113BE702870D2FE04C0211125C0219623C02111AF
S113BE802197A5E0B0E09B01AC010E948E5E660F95
S113BE90771F881F991F6A0D711D811D911D6839B7
S113BEA0A9E97A078A07A9E19A0760F0BD2DB6606F
S113BEB0BB2E08C02EEFA2120AC0D3FC50C04D2DD9
S113BEC04860B42E3196D701CC90DB2CC6CF2C2DF4
S113BED02F7D253409F043C0A081AD3241F4BD2D3E
S113BEE0B061DB2E7F0122E0E20EF11C0CC07F0169
S113BEF0AB3231F04FEFE41AF40A21E030E006C02F
S113BF00A2E0EA0EF11CA18122E030E0A053AA30A5
S113BF1018F0E21AF30A23C0F70120E030E02038D9
S113BF20BCE03B075CF4A901440F551F440F551FA7
S113BF30240F351F220F331F2A0F311DAF014F5F0E
S113BF405F4F7A01A081A053AA3010F4FA01E7CF21
S113BF50D4FE03C0319521953109C20FD31FD1FE00
S113BF6009C00115110531F0E1E0EE1AF108D8011C
S113BF70ED92FC920E94EB5A2D2D2370233019F080
S113BF804B015C0106C04B015C01B7FAB094B7F8F1
S113BF90B09420E030E0A901C501B4010E944B5ADD
S113BFA0882309F43EC0D7FF06C0D195C195D109B5
S113BFB006E31EE002C00EE41EE06801B8E1CB1AFD
S113BFC0D10890E2E92EF12CCE15DF0574F0F801CA
S113BFD02591359145915491C501B4010E943F5D6D
S113BFE04B015C01CE19DF09EFCF04501109F59420
S113BFF0E7940C151D0541F78A2D880F8B2D881F9A
S113C0008F3F49F020E030E0A901C501B4010E944E
S113C0104B5A811106C082E290E09093DA1080932B
S113C020D910C501B40109C060E070E080E89FEF59
S113C03004C060E070E080EC9FE7DF91CF911F9136
S113C0400F91FF90EF90DF90CF90BF90AF909F90B3
S113C0508F9008952F923F925F926F927F928F926A
S113C0609F92AF92BF92CF92DF92EF92FF920F9383
S113C0701F93CF93DF938B01EA016115710521F0C2
S113C080DB018C9311969C93209739F09E012250EA
S113C09031092332310508F0FBC07C016701BFEF91
S113C0A0CB1ADB0A5601F7016080862D90E00E94CE
S113C0B05E61892B11F07601F1CFFDE26F120AC0A7
S113C0C0570182E0A80EB11CD70111966C90772419
S113C0D073940BC0BBE26B1207C05701E2E0AE0ED3
S113C0E0B11CD70111966C90712CCE018F7E892BD7
S113C0F089F4B0E36B1222C0F50180818F7D88350D
S113C10041F56180F2E0AF0EB11C872D8260782E7C
S113C110C0E1D0E0C830D105F1F04CF4C230D10513
S113C12011F5C12CD12CE12CB0E4FB2E2FC0CA3068
S113C130D10531F0C031D10521F115C0209751F757
S113C140CAE0D0E0ACECCA2EDC2CEC2CACE0FA2E2D
S113C1501DC02097F9F6C8E0D0E0C12CD12CE12C09
S113C160F0E1FF2E13C060E070E080E090E89E01F3
S113C170442737FD4095542F0E94295E69017A01B6
S113C18005C0C12CD12CE12CE8E0FE2EF50160E0C5
S113C19020E030E0A9014E01AA2497FCA094BA2C17
S113C1A01F0170ED572E560CA9E0A51570F48FEB06
S113C1B0860D8A3118F499EC592E06C08FE9860D44
S113C1C08A3130F589EA582E560C852D90E08C176B
S113C1D09D07F4F467FD18C0C216D306E406F506FD
S113C1E080F0C501B4010E94055E9B01AC01250DE0
S113C1F0311D411D511D213031054105B0E85B075A
S113C20010F06FEF01C061E03196D1016C90C8CF9E
S113C210872D81700115110571F0662329F031977E
S113C220D801ED93FC9307C071FE19C03297D80171
S113C230ED93FC9314C067FF12C0882329F020E01B
S113C24030E040E050E804C02FEF3FEF4FEF5FE7EE
S113C25082E290E09093DA108093D91016C088237C
S113C26041F050954095309521953F4F4F4F5F4F8A
S113C2700CC057FF0AC082E290E09093DA108093DA
S113C280D9102FEF3FEF4FEF5FE7B901CA0104C0A8
S113C29060E070E080E090E0DF91CF911F910F911A
S113C2A0FF90EF90DF90CF90BF90AF909F908F90D2
S113C2B07F906F905F903F902F900895911150C0A0
S113C2C0803219F089508550D0F70895FB01DC01C4
S113C2D04150504088F08D9181341CF08B350CF422
S113C2E0805E659161341CF06B350CF4605E861BD6
S113C2F0611171F3990B0895881BFCCFFB01DC01DC
S113C30004C08D910190801921F441505040C8F728
S113C310881B990B0895FC018191861721F08823CD
S113C320D9F7992708953197CF010895FB015191C9
S113C3305523A9F0BF01DC014D9145174111E1F7E7
S113C34059F4CD010190002049F04D91401541115F
S113C350C9F3FB014111EFCF81E090E0019708950B
S10DC360992788270895F894FFCF69
S113C36A4001C0FE303031007B5405437B54054301
S113C37A715585449A993C430000C8430000C84358
S113C38A00007A4400BADB488813000088130000CE
S113C39A320000008813000000007A440000FA44C6
S113C3AA0000000000000000204E00000000000011
S113C3BA0000000000000000000A40000010008095
S113C3CABB440080BB440000AF43000000000000EF
S113C3DA0000000084420000000020BF020080EE3A
S113C3EA3600B80B303030007B5405437B54054388
S113C3FA715585449A993C430000C8430000C843D8
S113C40A00007A4400BADB4888130000881300004D
S113C41A320000008813000000007A440000FA4445
S113C42A0000000000000000204E00000000000090
S113C43A0000000000000000000A40000010008014
S113C44ABB440080BB440000AF430000000000006E
S113C45A0000000084420000000020BF020080EEB9
S113C46A3600B80BFFFFFFFF0000C84201FFDC05DE
S113C47A016400640058595A4544656665637469E1
S113C48A766520746865726D6973746F72001C0036
S113C49AFA001F00F5002300F0002700EB002A0031
S113C4AAE6002C00E1003100DC003500D7003E0034
S113C4BAD2004700CD004E00C8005E00BE006600F0
S113C4CAB9007400AA008F00A000B7009600DF002C
S113C4DA8C000E0182003E0178007F016E009D01EE
S113C4EA6900B7016400E4015F0001025A005F02B7
S113C4FA5000980246000D033C002A0337005103FA
S113C50A320092032D0092032800A7032300BA03E2
S113C51A1E00CA031900D2031600F0030300696E51
S113C52A69742E336466004D313130004820004C62
S113C53A20004D3239001C00FA001F00F5002300C8
S113C54AF0002700EB002A00E6002C00E10031008D
S113C55ADC003500D7003E00D2004700CD004E0073
S113C56AC8005E00BE006600B9007400AA008F000D
S113C57AA000B7009600DF008C000E0182003E0185
S113C58A78007F016E009D016900B7016400E4012F
S113C59A5F0001025A005F025000980246000D0330
S113C5AA3C002A0337005103320092032D00920300
S113C5BA2800A7032300BA031E00CA031900D203E2
S109C5CA1600F00303005B
S9030000FC
